"id","userId","searchDate","networkCount","offenseType"
"5e8712ec-410e-4a15-8653-08b11ff02e35","***","2026-08-11T00:03:21.510Z","1585","Assault/Battery Offenses"
"54731120-bc8c-4664-995e-1ef69d9eca02","***","2026-08-11T00:13:54.606Z","1","Welfare Check"
"3643f4b9-6b97-4444-ac66-cda30b40898f","***","2026-08-11T00:45:13.441Z","1585","Welfare Check"
"36da0f3d-8171-4e09-82c0-1b42ef31407c","***","2026-08-11T01:26:06.790Z","1535","Obstructing the Police (Fleeing/Eluding)"
"d6d49403-9f06-48ff-9fca-479a6c32cc16","***","2026-08-11T01:48:40.663Z","1585","Wanted Person (Arrest Warrant/Fugitive)"
"548182c7-dc79-4cda-8f88-f6b6f80236c4","***","2026-08-11T02:16:50.149Z","1585","Wanted Person (Arrest Warrant/Fugitive)"
"45ff8352-09e4-4fab-8c92-1232011171d6","***","2026-08-11T03:25:16.181Z","1585","Wanted Person (Arrest Warrant/Fugitive)"
"b7df14be-e31d-4d47-a11f-3f6dfa1ba846","***","2026-08-11T06:04:38.314Z","1536","Alcohol Offenses (Non-DUI)"
"83385dc5-b5b5-4c56-a9cf-623b2dae6197","***","2026-08-11T06:11:04.233Z","1536","Wanted Person (Arrest Warrant/Fugitive)"
"642f7c3e-b3c8-4ebf-95d7-d52b5cf050a5","***","2026-08-11T06:11:58.064Z","1536","Stolen Property Offenses"
"a68d6b4a-737a-40ec-adb7-50e2fe3456dc","***","2026-08-11T06:18:25.687Z","1585","Wanted Person (Arrest Warrant/Fugitive)"
"fa7c39cc-9536-413f-8188-e5f41352104c","***","2026-08-11T06:20:32.853Z","1585","Wanted Person (Arrest Warrant/Fugitive)"
"99f47f68-a404-4fe1-b4d4-d399ae63b85e","***","2026-08-11T06:21:22.011Z","1536","Wanted Person (Arrest Warrant/Fugitive)"
"ab481612-7e79-41ac-a1bc-87fb6e53cd5b","***","2026-08-11T06:23:56.438Z","1536","Assault/Battery Offenses"
"615c46cf-1f69-4900-9129-08625358626f","***","2026-08-11T06:29:19.052Z","1585","Wanted Person (Arrest Warrant/Fugitive)"
"8f1f4769-7b37-4da6-90f3-aa53c21dac44","***","2026-08-11T06:47:38.459Z","1536","Welfare Check"
"6557dafa-b115-4093-b91f-7fc57710a632","***","2026-08-11T07:02:10.669Z","1536","Wanted Person (Arrest Warrant/Fugitive)"
"1ff58ffc-411f-488e-a701-671a3bb963b1","***","2026-08-11T07:02:41.390Z","1536","Stolen Property Offenses"
"b1dfbed8-7990-490c-8f66-1d1433d64705","***","2026-08-11T07:02:48.052Z","1585","Wanted Person (Arrest Warrant/Fugitive)"
"b9c9ea37-8055-44a7-b904-2943c5497962","***","2026-08-11T07:03:25.051Z","1536","Welfare Check"
"d13bb44c-ef38-4a25-b29a-a55893248b2a","***","2026-08-11T07:06:28.538Z","1536","Assault/Battery Offenses"
"b90a0d7e-1d36-4289-a748-8a46a2c467ea","***","2026-08-11T07:17:57.919Z","1536","Assault/Battery Offenses"
"72c6dc36-dfbe-4b1c-b805-77ab5a205b6e","***","2026-08-11T07:21:02.715Z","1585","Wanted Person (Arrest Warrant/Fugitive)"
"88c3b42c-4d2a-47ee-b46f-262fbc4c7f6b","***","2026-08-11T07:21:27.546Z","1536","Wanted Person (Arrest Warrant/Fugitive)"
"ee06af75-b36d-4f1e-845a-d7d442cc7cbd","***","2026-08-11T08:12:18.662Z","1585","Wanted Person (Arrest Warrant/Fugitive)"
"fb3b0a4e-b5c6-4caf-a4b9-ec297a4f4f0d","***","2026-08-11T08:27:07.861Z","1585","Wanted Person (Arrest Warrant/Fugitive)"
"b1f877fd-7493-4d6c-bbbb-011530a6201e","***","2026-08-11T08:28:40.447Z","1536","Wanted Person (Arrest Warrant/Fugitive)"
"011175d5-5dd9-4540-91ab-ab082cdbb904","***","2026-08-11T08:35:47.283Z","1536","Assault/Battery Offenses"
"10014063-97a0-464a-adc4-ceace31f9199","***","2026-08-11T08:53:15.858Z","1536","Wanted Person (Arrest Warrant/Fugitive)"
"b2371803-88bc-4a6a-ab42-c0e0c62fb90e","***","2026-08-11T09:03:28.698Z","1536","Wanted Person (Arrest Warrant/Fugitive)"
"a2519df7-cca6-403e-992c-5172d7aff8a4","***","2026-08-11T09:47:56.827Z","1536","Wanted Person (Arrest Warrant/Fugitive)"
"a2f0b079-6224-4222-ab25-020b7278c647","***","2026-08-11T09:50:56.269Z","6172","Wanted Person (Arrest Warrant/Fugitive)"
"96fdc186-de18-4b24-9ddc-8706ad8413b9","***","2026-08-11T09:58:21.515Z","1585","Obstructing the Police (Fleeing/Eluding)"
"4a10cf77-6ada-4edc-aa66-6967c65f879e","***","2026-08-11T10:11:18.673Z","1536","Wanted Person (Arrest Warrant/Fugitive)"
"678c56d4-1770-42b4-9bd2-523ae21922dc","***","2026-08-11T10:15:34.495Z","1585","Obstructing the Police (Fleeing/Eluding)"
"c27e9e50-9ade-46dd-a7c3-828fa5910159","***","2026-08-11T10:15:44.790Z","1585","Wanted Person (Arrest Warrant/Fugitive)"
"228e809f-2e7e-4205-be3b-506667a792d9","***","2026-08-11T10:23:57.179Z","1585","Wanted Person (Arrest Warrant/Fugitive)"
"7f8fe063-8f95-4e4b-8150-1444ef4884d2","***","2026-08-11T10:31:24.117Z","1","Wanted Person (Arrest Warrant/Fugitive)"
"cfd5db4b-9696-4758-8bc9-cf3db330fd29","***","2026-08-11T10:44:12.155Z","1585","Welfare Check"
"6dd759e8-78e0-4702-a241-9dcb46866890","***","2026-08-11T10:45:02.821Z","1536","Wanted Person (Arrest Warrant/Fugitive)"
"78eca234-53e2-4317-a1f3-2a16e1f01884","***","2026-08-11T10:47:28.188Z","1536","Wanted Person (Arrest Warrant/Fugitive)"
"e9167f6a-c8ca-4e6f-8521-407c2cf445b6","***","2026-08-11T10:48:09.341Z","1585","Wanted Person (Arrest Warrant/Fugitive)"
"28184120-5c1e-4abd-94d7-7cb44801a865","***","2026-08-11T10:50:05.426Z","1585","Motor Vehicle Theft/Stolen"
"b2f14b74-fd29-44d8-bf83-ea3c930296aa","***","2026-08-11T10:52:02.906Z","1","Assault/Battery Offenses"
"4431de09-56d4-4981-bb68-c16d9142e8b1","***","2026-08-11T10:53:57.603Z","1585","Homicide/Death Investigation"
"ee402cab-66e8-4e34-8ae8-4da6eeaf461e","***","2026-08-11T10:59:00.602Z","246","Wanted Person (Arrest Warrant/Fugitive)"
"33545ca1-acac-4dd0-b376-f8a3d3c14500","***","2026-08-11T11:01:42.591Z","1585","Obstructing the Police (Fleeing/Eluding)"
"87acacc8-a408-4391-85fa-08605db8e7bd","***","2026-08-11T11:08:33.802Z","1585","Wanted Person (Arrest Warrant/Fugitive)"
"ee8ef31a-81c4-4844-9a0a-593263caaed8","***","2026-08-11T11:10:29.300Z","1585","Wanted Person (Arrest Warrant/Fugitive)"
"c08e81b0-6cd5-4c96-8217-c0a7e1c458a0","***","2026-08-11T11:22:24.350Z","1536","Motor Vehicle Theft/Stolen"
"9adacc05-ff7f-4bf5-943c-f838a2dd7923","***","2026-08-11T11:25:38.163Z","6172","Wanted Person (Arrest Warrant/Fugitive)"
"7e7844a8-721f-4197-a8b7-3f1995650348","***","2026-08-11T11:34:21.723Z","1585","Assault/Battery Offenses"
"dd4f7af3-6987-4084-95ee-6864a079b327","***","2026-08-11T11:37:29.670Z","1536","Wanted Person (Arrest Warrant/Fugitive)"
"f17f0c66-d9ce-43bf-9a0b-65eba8abb9de","***","2026-08-11T11:38:08.990Z","1585","Wanted Person (Arrest Warrant/Fugitive)"
"9a498b3b-bb70-46dd-bd78-9a7139817333","***","2026-08-11T11:53:11.426Z","1","Assault/Battery Offenses"
"e3f409d7-8414-42f9-8a24-515b81e2153f","***","2026-08-11T11:59:10.640Z","1","Wanted Person (Arrest Warrant/Fugitive)"
"f7f639eb-a832-41a3-a61f-8af9a985d982","***","2026-08-11T12:00:02.499Z","1","Wanted Person (Arrest Warrant/Fugitive)"
"7d71b79c-6e94-4db3-a52a-acb20d14c8eb","***","2026-08-11T12:00:02.608Z","1","Assault/Battery Offenses"
"9bc2ae60-192f-4825-9e47-7587d3490fcf","***","2026-08-11T12:00:14.645Z","1","Wanted Person (Arrest Warrant/Fugitive)"
"920697ea-04a3-4aad-8c2c-5bc8bc84116f","***","2026-08-11T12:00:20.287Z","1585","Homicide/Death Investigation"
"9cf27443-f2e1-43d0-a718-9cfb1e3ef3fd","***","2026-08-11T12:00:26.149Z","1","Wanted Person (Arrest Warrant/Fugitive)"
"30ea700f-254d-43a2-8e8d-51eb8003dfaa","***","2026-08-11T12:00:41.260Z","1","Wanted Person (Arrest Warrant/Fugitive)"
"a1caecb5-c024-4c0f-91eb-22aab1f85c22","***","2026-08-11T12:00:52.431Z","1585","Wanted Person (Arrest Warrant/Fugitive)"
"a37c1e43-d608-40ad-a5d3-28360fa3c2d2","***","2026-08-11T12:00:55.750Z","1585","Assault/Battery Offenses"
"36a0e610-aa10-4f90-abc4-840018317463","***","2026-08-11T12:01:14.491Z","1585","Wanted Person (Arrest Warrant/Fugitive)"
"2e36c376-e169-4b80-af87-4777a2c4b6f6","***","2026-08-11T12:03:03.820Z","1","Obstructing the Police (Fleeing/Eluding)"
"92790b56-740c-4ba9-a4b8-e2caa7b208d5","***","2026-08-11T12:03:58.038Z","1585","Wanted Person (Arrest Warrant/Fugitive)"
"e752dac8-9def-4b43-bdf5-5ea2b0e3825c","***","2026-08-11T12:08:15.456Z","1536","Wanted Person (Arrest Warrant/Fugitive)"
"e4a925be-4f38-4a65-9a74-534ec64b4985","***","2026-08-11T12:08:18.588Z","246","Wanted Person (Arrest Warrant/Fugitive)"
"75086e2e-486e-4ca9-acda-b7cd9f379b7e","***","2026-08-11T12:09:35.472Z","1","Wanted Person (Arrest Warrant/Fugitive)"
"bce9f7b4-23a7-4004-b045-4376a1a8fceb","***","2026-08-11T12:10:15.501Z","1585","Wanted Person (Arrest Warrant/Fugitive)"
"82cea2fa-8a8f-4b7a-82c2-0c31b5d0c073","***","2026-08-11T12:44:23.283Z","1585","Assault/Battery Offenses (Domestic)"
"61c6dce7-633a-46d8-be9f-c1e7f26d2626","***","2026-08-11T12:49:08.542Z","6171","Assault/Battery Offenses (Domestic)"
"78fbbb2d-309c-4bd4-a164-cf264727e5ee","***","2026-08-11T12:56:13.408Z","1585","Assault/Battery Offenses"
"e0ab49f8-eec9-4f49-93ba-3b85cc582846","***","2026-08-11T12:57:40.788Z","1","Homicide/Death Investigation"
"cf83f6f3-309b-44c2-a2b1-f0955df5dd90","***","2026-08-11T13:00:12.814Z","5","Assault/Battery Offenses"
"005abeb1-e545-4256-9ef9-ba934a66f05d","***","2026-08-11T13:00:32.453Z","35","Wanted Person (Arrest Warrant/Fugitive)"
"f6f78584-1b54-4710-98f3-8994f9606d87","***","2026-08-11T13:00:54.330Z","22","Homicide/Death Investigation"
"44244184-ad72-4264-baa4-aeb2860114b7","***","2026-08-11T13:01:30.422Z","32","Assault/Battery Offenses"
"1152a957-6c8c-4e3c-8a22-d776d0370bc1","***","2026-08-11T13:01:41.042Z","1585","Wanted Person (Arrest Warrant/Fugitive)"
"709196c4-d93f-43ca-9dfa-3b3271f80966","***","2026-08-11T13:06:31.186Z","8","Assault/Battery Offenses"
"c51a091e-aeaf-4f4d-9194-bc722e293ccf","***","2026-08-11T13:08:56.806Z","1585","Wanted Person (Arrest Warrant/Fugitive)"
"e3778acf-5244-47fe-b34e-e1cc0c000e89","***","2026-08-11T13:24:06.706Z","1536","Human Trafficking"
"62c55959-3547-4df8-8e36-bf3df0af238f","***","2026-08-11T13:25:59.536Z","1585","Wanted Person (Arrest Warrant/Fugitive)"
"5af56086-a485-49a1-a07c-9260bf3d93fd","***","2026-08-11T13:50:00.971Z","1","Wanted Person (Arrest Warrant/Fugitive)"
"c38799d8-064a-43ef-ac58-78ad5d92308d","***","2026-08-11T13:52:04.020Z","1585","Homicide/Death Investigation"
"ac9fe3c6-485a-4344-a4bb-06073b01a2f6","***","2026-08-11T13:56:45.253Z","33","Wanted Person (Arrest Warrant/Fugitive)"
"e15e803a-a326-4ca5-acc7-ea6ea1fca16e","***","2026-08-11T14:03:10.298Z","1585","Wanted Person (Arrest Warrant/Fugitive)"
"c03ddf9d-995c-4714-ac04-d38f140190d6","***","2026-08-11T14:11:26.235Z","1585","Weapons Offense (Guns/Shots Fired)"
"a303ba35-2329-4571-aa40-5e10c9667816","***","2026-08-11T14:56:49.133Z","1584","Weapons Offense (Guns/Shots Fired)"
"4583b90c-df57-4cc8-b8ce-0ade6fec6651","***","2026-08-11T15:00:26.458Z","1584","Weapons Offense (Guns/Shots Fired)"
"7ec61fba-0305-4dc5-b65c-cb2e5ee8d3f1","***","2026-08-11T15:01:47.902Z","1584","Weapons Offense (Guns/Shots Fired)"
"832780c6-971c-42b3-a50c-849563359eee","***","2026-08-11T15:14:38.386Z","1584","Wanted Person (Arrest Warrant/Fugitive)"
"dd3d3cb1-b1be-42b3-9d19-06a6a7636463","***","2026-08-11T15:38:10.919Z","246","Wanted Person (Arrest Warrant/Fugitive)"
"dad8ec3f-c57f-4ef6-bc6c-4d6c6e108be5","***","2026-08-11T17:02:46.839Z","246","Larceny/Theft Offenses"
"caa5e2c6-a2d4-46ea-9145-3de7bf7596dc","***","2026-08-11T17:19:23.046Z","1536","Wanted Person (Arrest Warrant/Fugitive)"
"e84fc6e7-7553-4e09-b8c9-78dd4b2af9a9","***","2026-08-11T17:48:17.177Z","4","Wanted Person (Arrest Warrant/Fugitive)"
"4e896291-6047-4387-abfc-28c1701f53e0","***","2026-08-11T18:04:17.346Z","4","Wanted Person (Arrest Warrant/Fugitive)"
"0be2c7f4-f8ef-4db4-995c-6b38a94d4ca7","***","2026-08-11T19:11:40.814Z","4","Wanted Person (Arrest Warrant/Fugitive)"
"0f2b31a3-8492-4893-8922-4ac851ae9a8d","***","2026-08-11T19:33:44.578Z","5","Motor Vehicle Theft/Stolen"
"8ee1dfde-f583-443a-9b2a-864013ffcbfd","***","2026-08-11T19:36:43.624Z","1584","Motor Vehicle Theft/Stolen"
"b5e54046-8412-4266-919b-46f92c81f356","***","2026-08-11T19:41:39.771Z","1584","Motor Vehicle Theft/Stolen"
"7f81669f-fe8b-4871-9e5a-5ec95ebbe1b6","***","2026-08-11T19:59:56.001Z","246","Assault/Battery Offenses"
"91dd5c95-b64a-472f-b012-5c34632e1d8b","***","2026-08-11T20:24:22.914Z","1537","Alcohol Offenses (Non-DUI)"
"5738d85b-4b60-48a7-8c7e-78602815fde2","***","2026-08-11T21:25:26.760Z","1535","Assault/Battery Offenses"
"23b11121-f024-4d93-b3d9-ae034114d5f4","***","2026-08-11T21:27:27.923Z","1584","Sex Offenses"
"9e15612a-2d51-4a9f-8386-d91567f5d1bf","***","2026-08-11T23:12:29.892Z","1534","Welfare Check"
"00ec57ca-1289-4d0a-9422-78e1cab1037b","***","2026-08-11T23:18:13.657Z","1580","Traffic Infraction"
"3db29a04-9659-467f-b337-0454c25df660","***","2026-08-11T23:25:41.408Z","1580","Welfare Check"
"2463b6e1-2af1-4965-b7c6-8e7bd38ace1b","***","2026-08-11T23:51:27.761Z","1580","Alcohol Offenses (Non-DUI)"
"450b08e2-390b-4742-a08c-3f9d0b8cf50d","***","2026-08-12T00:21:44.679Z","1534","Traffic Infraction"
"1516a843-69ba-4b49-97ec-e279b94b2d14","***","2026-08-12T01:58:49.044Z","1","Wanted Person (Arrest Warrant/Fugitive)"
"7141c048-d77f-4ccf-bac9-d7d21713b7e2","***","2026-08-12T02:23:08.221Z","1580","Wanted Person (Arrest Warrant/Fugitive)"
"02705bdb-8e73-4971-93bb-75dff37f701f","***","2026-08-12T03:47:54.237Z","1534","Traffic Infraction"
"89c8563d-0dc7-4da3-b588-4de98378c6c0","***","2026-08-12T03:48:45.676Z","1534","Obstructing the Police (Fleeing/Eluding)"
"d7051b9a-8114-41e7-9d90-dfaf4dac35ad","***","2026-08-12T03:49:22.382Z","1534","Obstructing the Police (Fleeing/Eluding)"
"f5d79e7e-76aa-49e3-b336-f3740b7c6a27","***","2026-08-12T03:52:10.377Z","1534","Wanted Person (Arrest Warrant/Fugitive)"
"1c7c637e-45ee-4748-8fae-1cefb92b5b05","***","2026-08-12T03:52:24.448Z","1580","Wanted Person (Arrest Warrant/Fugitive)"
"59a442ba-b2c2-40f9-8f3e-1f13bc139a82","***","2026-08-12T04:03:49.614Z","1580","Wanted Person (Arrest Warrant/Fugitive)"
"316f1e92-4119-45fa-9edf-b05e1fcbdb79","***","2026-08-12T05:25:12.393Z","1534","Obstructing the Police (Fleeing/Eluding)"
"21a6c884-e294-47fb-aa0c-005c79e3fc14","***","2026-08-12T07:56:31.367Z","1534","Motor Vehicle Theft/Stolen"
"138e9844-edf7-4fcd-91de-75aa77570e77","***","2026-08-12T08:02:09.518Z","1534","Motor Vehicle Theft/Stolen"
"6a0a2f99-4666-412c-a538-e0b0e1723227","***","2026-08-12T08:11:11.430Z","1580","Motor Vehicle Theft/Stolen"
"7d3ac75e-4a85-43e3-a45b-0591d1cbab08","***","2026-08-12T08:11:16.960Z","1580","Wanted Person (Arrest Warrant/Fugitive)"
"211545dc-97c9-47e3-bcfb-22e2339545c2","***","2026-08-12T08:18:17.287Z","1","Motor Vehicle Theft/Stolen"
"0ffacde2-3f0a-4db6-b574-3c01ee6d4693","***","2026-08-12T11:51:13.004Z","1580","Disorderly Conduct/Disturbance"
"f8c94307-477d-40b9-ac26-c4e83d7f8c95","***","2026-08-12T12:03:38.212Z","1580","Sex Offenses"
"7ab4897e-660d-4195-919c-ac9f3525c21c","***","2026-08-12T14:15:05.801Z","1","Motor Vehicle Theft/Stolen"
"5387af54-58df-4b3a-9e45-4ac5dfe25b8c","***","2026-08-12T14:20:03.212Z","246","Obstructing the Police (Fleeing/Eluding)"
"929cf829-8fbf-4dbf-82a2-6158d1bbe1f9","***","2026-08-12T16:03:48.475Z","246","Obstructing the Police (Fleeing/Eluding)"
"5fc57426-f975-430e-ac4e-0702f1db4b60","***","2026-08-12T16:04:30.655Z","1577","Wanted Person (Arrest Warrant/Fugitive)"
"808939c6-bc83-4ed9-9961-021ad49dd0fa","***","2026-08-12T18:16:20.347Z","4","Homicide/Death Investigation"
"db1553dc-41b5-4d27-93a1-073520549f64","***","2026-08-12T18:18:36.126Z","1577","Protective/Protection Order"
"9198f4a0-0a78-4316-aa06-aa72d070ee7c","***","2026-08-12T18:48:11.407Z","246","Obstructing the Police (Fleeing/Eluding)"
"c7989eea-ef59-439b-8d2f-2598d997f629","***","2026-08-12T18:50:25.970Z","6161","Wanted Person (Arrest Warrant/Fugitive)"
"9277711c-efe5-4b55-9c5c-9ef0fad61430","***","2026-08-12T19:00:37.923Z","246","Obstructing the Police (Fleeing/Eluding)"
"dfa2a89f-7170-4b57-a7fd-c8e5f7de2aae","***","2026-08-12T19:06:16.863Z","1","Hit and Run/Car Accident"
"37f828ab-2238-47da-bb4f-ee312411da22","***","2026-08-12T19:24:28.152Z","1576","Alcohol Offenses (Non-DUI)"
"10ba9b69-195f-4237-88d8-3c3d1aef2efb","***","2026-08-12T20:17:22.972Z","1576","Alcohol Offenses (Non-DUI)"
"2baa17ab-67cc-4fd6-baaf-10f25942bc75","***","2026-08-12T21:02:59.364Z","1576","Alcohol Offenses (Non-DUI)"
"2699ed9c-48ab-4d25-8add-4f591d188326","***","2026-08-12T21:40:16.172Z","6160","Wanted Person (Arrest Warrant/Fugitive)"
"c2c3361c-ccaa-4973-bd10-d2ea5386a574","***","2026-08-12T22:15:01.700Z","1","Drugs/Narcotics"
"7dda009c-4efe-414f-8870-416d4bf39179","***","2026-08-12T22:17:08.238Z","1576","Alcohol Offenses (Non-DUI)"
"7f3e9e5a-a787-49b4-a7ae-565f282302d1","***","2026-08-12T22:17:29.964Z","1","Obstructing the Police (Fleeing/Eluding)"
"7a625771-ea94-4d0c-864e-e933f16d8849","***","2026-08-12T22:40:10.635Z","246","Wanted Person (Arrest Warrant/Fugitive)"
"a7b7a8ed-1582-43a9-a74f-ea65241656f8","***","2026-08-12T23:38:31.969Z","1529","Alcohol Offenses (Non-DUI)"
"39ef0d91-b258-47d7-97cf-665193c8fcd4","***","2026-08-13T00:34:18.772Z","1529","Alcohol Offenses (Non-DUI)"
"fd53d53d-738c-480b-929d-d0f63ce28306","***","2026-08-13T00:47:15.385Z","6158","Wanted Person (Arrest Warrant/Fugitive)"
"2fe51df5-7c07-4ee0-bd4c-b7c6ed4e4942","***","2026-08-13T00:48:55.219Z","1529","Alcohol Offenses (Non-DUI)"
"3dd75d2f-e08e-4ec9-91c1-491cc4acc41f","***","2026-08-13T00:52:17.401Z","1","Motor Vehicle Theft/Stolen"
"fa6b097d-54cc-4a55-8248-28efe74cb60e","***","2026-08-13T01:11:30.045Z","1","Motor Vehicle Theft/Stolen"
"576e7964-3987-4a09-bf46-95d5336cc4cf","***","2026-08-13T01:15:23.048Z","1529","Alcohol Offenses (Non-DUI)"
"d4ff035e-0657-4d9d-8fb2-f000b4ec1590","***","2026-08-13T02:03:51.871Z","1529","Alcohol Offenses (Non-DUI)"
"7a7673b9-fcfb-4ba5-97d6-7d6942bc3a1c","***","2026-08-13T02:13:47.433Z","246","Wanted Person (Arrest Warrant/Fugitive)"
"bab13b00-1f00-484e-ba6a-3e033e36290d","***","2026-08-13T02:18:37.707Z","1575","Motor Vehicle Theft/Stolen"
"86ca7c0b-3cb1-4300-8539-abfa4b0f272f","***","2026-08-13T02:23:15.038Z","1575","Assault/Battery Offenses (Domestic)"
"36d227ac-b1db-4ce9-a34e-d6de41f51175","***","2026-08-13T03:17:43.877Z","1529","Alcohol Offenses (Non-DUI)"
"afa1da5b-9d04-4e38-ad8f-0d63ff4eac1c","***","2026-08-13T03:47:08.615Z","1529","Alcohol Offenses (Non-DUI)"
"38bbe5d8-e050-4006-b9ae-269554fe7c27","***","2026-08-13T03:55:47.998Z","1575","Weapons Offense (Guns/Shots Fired)"
"5ea4b5a4-fcbb-43d4-b0f5-424576d8f284","***","2026-08-13T04:04:50.069Z","1529","Traffic Infraction"
"3c9d20d8-9503-4643-8a99-d9389a2ffbb9","***","2026-08-13T05:41:44.555Z","246","Drugs/Narcotics"
"e2b8c78d-c38b-4b0d-8a93-0689b6110920","***","2026-08-13T07:30:51.512Z","1","Traffic Infraction"
"72ef7330-d19d-4636-8e97-d2cd1c08487c","***","2026-08-13T11:44:27.205Z","6151","Larceny/Theft Offenses"
"c71c135c-a6cc-4956-9502-4de2e008f539","***","2026-08-13T12:11:11.215Z","1575","Larceny/Theft Offenses"
"267fa244-70d3-4f28-972c-515ab163481f","***","2026-08-13T12:57:48.578Z","1575","Wanted Person (Arrest Warrant/Fugitive)"
"cdd6389b-b9d0-411e-aa73-080d62a0c567","***","2026-08-13T12:58:14.515Z","1575","Welfare Check"
"9ad96e13-e540-4cfb-85b8-f425b68afb9a","***","2026-08-13T13:29:02.180Z","246","Wanted Person (Arrest Warrant/Fugitive)"
"0bac4ceb-fda5-46a6-9d4f-1b6ebe8fcd1c","***","2026-08-13T13:52:37.251Z","1575","Wanted Person (Arrest Warrant/Fugitive)"
"add5a4fa-643d-4dae-8faa-ea674d1132af","***","2026-08-13T14:39:05.425Z","7","Larceny/Theft Offenses"
"e2d872fe-3ee9-464c-b997-ee31d104df23","***","2026-08-13T15:06:21.923Z","6150","Financial Crime (Embezzlement/Fraud)"
"6fd5d333-f79c-4327-87e1-a4e1b3ab48d3","***","2026-08-13T15:55:34.864Z","1574","Drugs/Narcotics"
"eebbc844-042e-430e-b593-6116d5b8d5ca","***","2026-08-13T18:42:28.571Z","246","Homicide/Death Investigation"
"5bd0d345-969c-47d0-a279-96436b5cf7a0","***","2026-08-13T19:01:14.948Z","1","Weapons Offense (Guns/Shots Fired)"
"46401db9-89a7-426d-8de0-78e1f9fe3f4f","***","2026-08-13T19:06:55.167Z","1570","Sex Offenses"
"27e7690c-cc9c-4a94-8065-f1f3753153c6","***","2026-08-13T19:08:17.919Z","1570","Alcohol Offenses (Non-DUI)"
"c91a43fb-b305-49be-b789-cd07bd7562fa","***","2026-08-13T19:12:09.424Z","1","Homicide/Death Investigation"
"beb7104c-b313-4932-9905-87fdf4e0c932","***","2026-08-13T19:55:12.421Z","6143","Larceny/Theft Offenses"
"3a705ea3-9f67-4dbf-b4df-5d22b9f8b0cd","***","2026-08-13T21:04:26.935Z","1524","Alcohol Offenses (Non-DUI)"
"4da02b44-cbfd-4b59-a265-fcca71345da3","***","2026-08-13T23:08:29.429Z","1524","Alcohol Offenses (Non-DUI)"
"0a0bcb50-c593-492c-b232-911c0782d2f1","***","2026-08-14T00:14:40.795Z","246","Obstructing the Police (Fleeing/Eluding)"
"c001185d-b260-4134-b992-a671834fa9b6","***","2026-08-14T01:13:28.629Z","246","Drugs/Narcotics"
"f4f5e83b-07b8-480a-a762-5d917206285e","***","2026-08-14T02:43:17.391Z","1570","Drugs/Narcotics"
"0db6503f-b921-405b-8e7d-3825c972bc2b","***","2026-08-14T03:30:31.132Z","246","Drugs/Narcotics"
"87754ebf-26b3-45aa-8efa-8a3bce9e981d","***","2026-08-14T04:55:12.494Z","1570","Drugs/Narcotics"
"f25aaa5a-4838-4110-953d-12eef5fdae72","***","2026-08-14T05:16:31.393Z","1570","Drugs/Narcotics"
"d527a3e2-ac52-46af-9500-8f7024831eb1","***","2026-08-14T05:43:12.240Z","1570","Assault/Battery Offenses"
"065d4192-41c5-4fa7-b2c8-2fe3efe94ed0","***","2026-08-14T05:44:24.766Z","1523","Assault/Battery Offenses"
"2f4e10a9-0dad-48a9-8c78-2c7722573810","***","2026-08-14T05:44:47.980Z","246","Weapons Offense (Guns/Shots Fired)"
"10425f8f-720a-4215-804f-90fe67701139","***","2026-08-14T06:25:48.847Z","1570","Assault/Battery Offenses"
"07ff4a89-0d5b-43f5-a0dc-3f15ec7a0c70","***","2026-08-14T07:07:09.873Z","246","Drugs/Narcotics"
"0bd03345-e129-4c33-8363-597624834a09","***","2026-08-14T09:05:13.316Z","1523","Traffic Infraction"
"4012f173-b458-4bc3-ba8a-893aa3aa730a","***","2026-08-14T09:43:01.346Z","246","Drugs/Narcotics"
"2ac4c091-67dd-4eb5-9cc4-85c571ef6c9a","***","2026-08-14T11:33:03.374Z","1570","Wanted Person (Arrest Warrant/Fugitive)"
"f50322a7-c5ba-406f-986c-e55bf299c54c","***","2026-08-14T11:48:33.957Z","1570","Welfare Check"
"c5989502-cf0c-45de-99cb-3d6ac6f4c2d3","***","2026-08-14T11:51:34.924Z","1570","Welfare Check"
"4673a392-c80e-46fe-a780-28975e41381f","***","2026-08-14T11:55:38.132Z","1570","Wanted Person (Arrest Warrant/Fugitive)"
"75e7d280-411f-4c4a-a992-e629a04adaba","***","2026-08-14T12:16:11.291Z","1570","Welfare Check"
"df75c843-c312-48d0-8022-4e136dbfe53c","***","2026-08-14T12:57:41.062Z","6","Motor Vehicle Theft/Stolen"
"ce2784fe-0d2f-4157-b9c1-5cf3355b0c96","***","2026-08-14T12:59:36.076Z","6139","Welfare Check"
"0fd6215e-a43a-452e-abd5-c63d14c939ff","***","2026-08-14T13:00:53.245Z","6139","Wanted Person (Arrest Warrant/Fugitive)"
"6e440a5a-f4df-4083-b8e2-8254f2bdaf19","***","2026-08-14T13:05:07.903Z","1570","Motor Vehicle Theft/Stolen"
"78829725-a3b0-4c65-96d8-44b1b78042b0","***","2026-08-14T13:06:53.329Z","1","Assault/Battery Offenses"
"559c55ba-fe3e-45c1-9520-54064dd1fd3f","***","2026-08-14T13:09:24.745Z","1","Wanted Person (Arrest Warrant/Fugitive)"
"8a984d47-197b-430a-8518-19c06a9a5b84","***","2026-08-14T13:11:20.989Z","246","Wanted Person (Arrest Warrant/Fugitive)"
"8545c686-04a6-423b-becc-76c47c5bb39d","***","2026-08-14T13:14:29.180Z","1","Homicide/Death Investigation"
"6ccfee0e-90bc-43f4-92f7-d90662051b02","***","2026-08-14T13:14:48.253Z","1570","Motor Vehicle Theft/Stolen"
"9883b9cc-ca08-439c-aa27-ec7613435800","***","2026-08-14T14:10:40.673Z","1570","Motor Vehicle Theft/Stolen"
"a4f7bea1-db1f-4cbb-9db6-2f222aea1eed","***","2026-08-14T15:06:33.859Z","1569","Homicide/Death Investigation"
"f0f64124-4fcd-402e-95dc-d19eea98d545","***","2026-08-14T16:20:27.366Z","1568","Motor Vehicle Theft/Stolen"
"c90f9991-5671-4ec6-b987-8ee42a65a442","***","2026-08-14T17:24:12.981Z","1568","Motor Vehicle Theft/Stolen"
"034d979e-9e5b-4795-af22-e4a0c8b34fce","***","2026-08-14T18:19:01.269Z","246","Wanted Person (Arrest Warrant/Fugitive)"
"f5245557-ce74-4216-a1e0-44178b5c2422","***","2026-08-14T18:56:21.576Z","6128","Welfare Check"
"34e59b5f-0e0a-48f5-a310-8d0d660be281","***","2026-08-14T19:00:52.018Z","1568","Motor Vehicle Theft/Stolen"
"ca4729c1-7c02-4f89-87e8-20f457adc62c","***","2026-08-14T19:52:57.875Z","1568","Assault/Battery Offenses"
"d252c64f-992a-4c26-a54c-55cf80825608","***","2026-08-14T20:00:00.465Z","1568","Assault/Battery Offenses"
"4f27cc60-c547-47aa-bba3-18bb67c4820f","***","2026-08-14T20:45:20.527Z","1521","Alcohol Offenses (Non-DUI)"
"dd5ca3a8-cce1-418a-98f1-5a88abd0871b","***","2026-08-14T20:59:07.588Z","1568","Wanted Person (Arrest Warrant/Fugitive)"
"1510dfa6-1ae5-4806-80db-b03e032bb069","***","2026-08-14T21:01:11.041Z","1568","Wanted Person (Arrest Warrant/Fugitive)"
"708c2cee-22c1-4945-8fa9-066ed51b6010","***","2026-08-14T21:08:26.654Z","1568","Alcohol Offenses (Non-DUI)"
"a5b7d6fd-579b-497c-98b3-da87d2b6c07a","***","2026-08-14T21:14:38.095Z","1521","Welfare Check"
"010ed8c2-20f8-48ab-814e-7ed6533ab8aa","***","2026-08-14T22:29:00.759Z","1521","Wanted Person (Arrest Warrant/Fugitive)"
"a83d47e0-a6fe-42d2-a1b7-7291a8e0b693","***","2026-08-14T23:41:47.534Z","1568","Wanted Person (Arrest Warrant/Fugitive)"
"1ba5067e-db25-4b27-8e08-452325df617c","***","2026-08-14T23:45:33.926Z","1","Wanted Person (Arrest Warrant/Fugitive)"
"cdf2ec90-7b0b-4926-b263-496231010b5e","***","2026-08-15T00:08:24.308Z","1568","Wanted Person (Arrest Warrant/Fugitive)"
"f1771861-f257-46de-b1f0-5648395ca7c6","***","2026-08-15T02:45:50.178Z","1568","Motor Vehicle Theft/Stolen"
"38c3ed15-719c-4c6d-a246-6fe8c5b88254","***","2026-08-15T03:05:02.043Z","1521","Alcohol Offenses (Non-DUI)"
"b5ac405a-746d-4665-b013-c46aa09ff070","***","2026-08-15T03:16:33.067Z","1568","Motor Vehicle Theft/Stolen"
"3ea5e72f-8e88-445a-89b1-1c57e339cb6b","***","2026-08-15T03:19:52.745Z","1521","Wanted Person (Arrest Warrant/Fugitive)"
"05b94456-d99a-4e5b-8ab4-4c70ed990d6a","***","2026-08-15T03:34:56.180Z","1568","Motor Vehicle Theft/Stolen"
"7e9bf67c-5120-4147-bbcc-1244b0c6a65d","***","2026-08-15T04:08:06.277Z","1568","Alcohol Offenses (Non-DUI)"
"4c0de361-a4ad-42ee-a4ba-74fa0009c1ae","***","2026-08-15T05:47:29.929Z","1568","Drugs/Narcotics"
"18eb3787-4852-4e61-92c3-3155a0c32e5d","***","2026-08-15T08:17:14.648Z","1568","Drugs/Narcotics"
"a26b4c6b-d354-49c8-9fc0-80af3fd56d0f","***","2026-08-15T10:19:49.329Z","1568","Motor Vehicle Theft/Stolen"
"21599b0c-98ad-43f7-8d46-a71f79135c59","***","2026-08-15T13:22:06.738Z","1568","Wanted Person (Arrest Warrant/Fugitive)"
"576391fd-d44e-443f-b54c-8c91473c118a","***","2026-08-15T15:22:19.287Z","1568","Wanted Person (Arrest Warrant/Fugitive)"
"33f24a0d-548c-494c-b73d-d53f0c745731","***","2026-08-15T15:37:20.830Z","1","Drugs/Narcotics"
"26bef57e-250c-4ad2-b51b-44bb7580586a","***","2026-08-15T15:49:06.464Z","1521","Obstructing the Police (Fleeing/Eluding)"
"ebbdba48-b79b-4d01-bee5-7e28001f2ea6","***","2026-08-15T15:49:46.938Z","1568","Obstructing the Police (Fleeing/Eluding)"
"7acb4bf1-434c-4d60-a261-e5999b413aa3","***","2026-08-15T16:01:18.385Z","1521","Drugs/Narcotics, Obstructing the Police (Fleeing/Eluding)"
"47b9d1c6-2d50-4c36-a4a7-6fd584b181c6","***","2026-08-15T16:01:43.311Z","1568","Wanted Person (Arrest Warrant/Fugitive)"
"fc1178f7-a758-4be6-967f-e0c76537a59e","***","2026-08-15T16:08:49.326Z","1568","Obstructing the Police (Fleeing/Eluding)"
"da88633d-89a7-4c28-acad-6bc4efe8158c","***","2026-08-15T16:09:50.241Z","1521","Obstructing the Police (Fleeing/Eluding)"
"7c33cceb-dfa9-435c-b8b3-5ae51b94415c","***","2026-08-15T16:17:56.393Z","1521","Obstructing the Police (Fleeing/Eluding)"
"4ba300ea-4d62-452e-980d-23a32e1fac7a","***","2026-08-15T17:16:14.235Z","1521","Drugs/Narcotics, Obstructing the Police (Fleeing/Eluding)"
"bf0278c7-8aab-4a66-9d10-711ca8a97fc5","***","2026-08-15T17:18:54.068Z","1521","Obstructing the Police (Fleeing/Eluding)"
"1542f2c2-37ff-4e1f-9752-f4f3655cc479","***","2026-08-15T17:30:26.008Z","1521","Obstructing the Police (Fleeing/Eluding)"
"d459e06c-29a5-469b-885a-e0a1b9d9e63b","***","2026-08-15T17:45:48.066Z","1568","Obstructing the Police (Fleeing/Eluding)"
"e653123f-da7e-4e66-b314-3040cea77241","***","2026-08-15T18:01:40.192Z","6127","Wanted Person (Arrest Warrant/Fugitive)"
"95292862-a419-4b0b-8c6a-8690744bc6e8","***","2026-08-15T18:04:21.932Z","1521","Obstructing the Police (Fleeing/Eluding)"
"b38dfe9c-5605-4c2b-935a-baf408f18592","***","2026-08-15T18:09:17.506Z","1568","Obstructing the Police (Fleeing/Eluding)"
"ac3d7abe-4ba2-40a4-88a7-128979f1e653","***","2026-08-15T19:56:24.694Z","1568","Obstructing the Police (Fleeing/Eluding)"
"35c59ae6-6acb-4a5b-843c-89b35ac095f7","***","2026-08-15T20:32:05.136Z","1521","Obstructing the Police (Fleeing/Eluding)"
"4048aa0f-d2ec-4fa4-b289-8958950b7399","***","2026-08-15T21:37:37.293Z","1521","Obstructing the Police (Fleeing/Eluding)"
"37bf2a46-0261-4d5a-a682-b1d8cc356eea","***","2026-08-15T22:48:52.197Z","1","Weapons Offense (Guns/Shots Fired)"
"55eac42c-5246-465f-92f5-84d32a266939","***","2026-08-16T00:08:52.886Z","1","Wanted Person (Arrest Warrant/Fugitive)"
"62f9176d-e79f-47f6-85b4-e38af412b6d3","***","2026-08-16T00:20:58.118Z","1521","Criminal Motor Vehicle Offense (incl. Road Rage/Reckless)"
"fb94198d-21fa-4e84-87d3-d7a2bdb926f0","***","2026-08-16T01:08:38.585Z","1568","Wanted Person (Arrest Warrant/Fugitive)"
"6d767840-6a7c-4b33-b846-d8df05a11da4","***","2026-08-16T08:04:05.748Z","1521","Assault/Battery Offenses (Domestic)"
"f4939177-292b-4174-aed2-0520e1d3e52d","***","2026-08-16T08:04:55.045Z","1568","Wanted Person (Arrest Warrant/Fugitive)"
"e71b947d-2a5b-4c9f-a829-2d934fa44526","***","2026-08-16T08:05:01.923Z","1","Motor Vehicle Theft/Stolen"
"1dfb6602-f586-42b4-b327-d42ffca269c5","***","2026-08-16T11:24:58.628Z","1521","Obstructing the Police (Fleeing/Eluding)"
"59dc8326-565c-4e37-ba83-2ae2294a2c93","***","2026-08-16T11:32:14.995Z","1568","Motor Vehicle Theft/Stolen"
"da69c731-6b0c-41a6-b1bf-efe36bd36cba","***","2026-08-16T15:40:19.944Z","1","Drugs/Narcotics, Obstructing the Police (Fleeing/Eluding)"
"16ae6b1a-a929-47e6-a3f4-6242435eb766","***","2026-08-16T16:44:57.523Z","1521","Motor Vehicle Theft/Stolen"
"cb2a2991-ab6e-4854-9839-f9085f0e6cc3","***","2026-08-16T18:07:58.517Z","1568","Motor Vehicle Theft/Stolen"
"b77a5240-e743-4321-b21c-62c30a4c5c4b","***","2026-08-16T18:28:55.851Z","1","Robbery"
"aa833900-9f39-449f-a79c-a378db58ed0a","***","2026-08-16T18:29:34.840Z","1568","Robbery"
"59744ea7-4775-4d77-ad00-a85572e3d895","***","2026-08-16T18:30:55.107Z","1568","Robbery"
"a09f7034-360b-442e-b228-438a8b128ffd","***","2026-08-16T18:31:47.938Z","1568","Robbery"
"a6ddd273-6fe5-49d4-90ba-90c8e102732e","***","2026-08-16T18:32:09.783Z","1521","Robbery"
"f6f6a81c-4dc4-4b85-90a5-9dddbda7e831","***","2026-08-16T18:32:47.418Z","1","Robbery"
"1caa76ea-d00f-4741-a3e6-1a404064aed9","***","2026-08-16T19:43:52.964Z","1568","Motor Vehicle Theft/Stolen"
"6deafe34-467b-48db-a96a-6fbc8e48b73c","***","2026-08-16T19:50:51.337Z","1521","Stolen Property Offenses"
"fef55450-3c72-4d64-9990-810e4967714c","***","2026-08-16T19:52:19.052Z","1521","Stolen Property Offenses"
"ad152fb6-612e-4f1c-928d-bc53c654d0aa","***","2026-08-16T20:05:43.392Z","1","Stolen Property Offenses"
"bd0f08b4-2dd3-46a3-a3f4-d2b3246d9519","***","2026-08-16T20:12:35.203Z","1568","Motor Vehicle Theft/Stolen"
"9278c3fc-8513-428a-a7a0-7fa4ab31c683","***","2026-08-16T20:51:29.375Z","1","Robbery"
"089c5c7f-811e-4378-b87c-7bad85a2a538","***","2026-08-16T21:24:32.129Z","1521","Motor Vehicle Theft/Stolen"
"88b6004a-507c-456a-95d0-2c3ae51d3c44","***","2026-08-16T21:57:55.305Z","1","Driving Under the Influence (DUI/DWI/OWI/OVI)"
"1d01e6ff-a4ef-43e8-85db-8a1ee8a1f8b4","***","2026-08-16T23:08:45.023Z","1521","Wanted Person (Arrest Warrant/Fugitive)"
"5149fb82-0540-4474-8c69-2efdde4f9c70","***","2026-08-17T00:10:23.330Z","1568","Wanted Person (Arrest Warrant/Fugitive)"
"cce877fe-312d-4b97-8191-580c8ae9547e","***","2026-08-17T00:57:48.539Z","1521","Wanted Person (Arrest Warrant/Fugitive)"
"6dc0d266-b493-4e62-9036-5766e0897ad4","***","2026-08-17T08:26:31.686Z","1568","Drugs/Narcotics"
"11846ecb-423f-4bae-9f2d-b59dfdd13c1a","***","2026-08-17T08:35:52.456Z","1","Driving Under the Influence (DUI/DWI/OWI/OVI)"
"ce374dd2-f529-41be-92a9-57c91a9cba5c","***","2026-08-17T10:19:51.783Z","1568","Wanted Person (Arrest Warrant/Fugitive)"
"c2bd8eee-5360-48b6-a9db-40fabd1d97e0","***","2026-08-17T11:57:13.758Z","1568","Larceny/Theft Offenses"
"1f96771e-741e-4c4d-9686-a3371aff2051","***","2026-08-17T11:59:14.099Z","1568","Homicide/Death Investigation"
"1ae5d3e9-147b-4cde-b49e-d40d9df4b24a","***","2026-08-17T12:02:49.607Z","23","Homicide/Death Investigation"
"79b7d499-dce1-4e98-8c37-5b32527de7d7","***","2026-08-17T12:03:18.205Z","1568","Homicide/Death Investigation"
"fbb467d9-ec78-4406-949d-61ba6d8b5cab","***","2026-08-17T12:10:48.488Z","1568","Motor Vehicle Theft/Stolen"
"7ac7dc6c-cfcb-4afb-b593-bbd37a1baa06","***","2026-08-17T12:37:36.276Z","6130","Motor Vehicle Theft/Stolen"
"2823bbfe-743f-40da-a30d-2ca2d1c79c81","***","2026-08-17T13:01:22.324Z","1568","Homicide/Death Investigation"
"6f013261-cec6-4380-ae6d-056f408d54ed","***","2026-08-17T13:59:22.598Z","1567","Larceny/Theft Offenses"
"26821b1b-16d8-42f8-b7ae-861e77ed2548","***","2026-08-17T14:00:53.054Z","1567","Wanted Person (Arrest Warrant/Fugitive)"
"be3a4330-e842-4465-9c5b-465e4b557127","***","2026-08-17T14:55:15.869Z","2","Homicide/Death Investigation"
"6cb70871-cbd5-436f-88d5-9b7a325d8263","***","2026-08-17T14:55:51.599Z","1","Motor Vehicle Theft/Stolen"
"d177f3e3-34bd-4deb-8e6d-40f9203f3fce","***","2026-08-17T16:01:25.834Z","2","Homicide/Death Investigation"
"2f3f4da1-5c80-4fbc-9e73-8435c810c294","***","2026-08-17T17:04:52.159Z","1566","Sex Offenses"
"58bc77e2-e05e-49c2-a228-9b6c6f59032b","***","2026-08-17T18:00:01.906Z","1566","Motor Vehicle Theft/Stolen"
"add07a24-fdf9-4e1c-9801-129b17d09291","***","2026-08-17T18:33:27.533Z","1","Sex Offenses"
"98188a95-52d0-4fc4-85ef-9f592c7f6b67","***","2026-08-17T19:10:19.013Z","5","Sex Offenses"
"fdf9d5ab-5ecf-44d4-baaa-463ae5dd1309","***","2026-08-17T19:15:47.357Z","1566","Wanted Person (Arrest Warrant/Fugitive)"
"13d39f03-df83-4d35-913e-2c46c6d68244","***","2026-08-17T19:27:23.520Z","1","Destruction/Damage/Vandalism of Property"
"e2e09437-7720-40cc-b1a4-66e1c3a48afa","***","2026-08-17T19:46:50.812Z","1","Weapons Offense (Guns/Shots Fired)"
"f15ce4ca-64ba-4d15-8edf-5cc57efd1cd2","***","2026-08-17T20:16:04.399Z","1565","Motor Vehicle Theft/Stolen"
"49eb7eaf-d0d1-4eb1-b01e-ec53cc5e281a","***","2026-08-17T20:17:50.726Z","1565","Destruction/Damage/Vandalism of Property"
"baaf3a76-107b-4658-a313-3592941c1c36","***","2026-08-17T20:25:38.661Z","1","Wanted Person (Arrest Warrant/Fugitive)"
"f4e9c304-8412-455e-a58c-fa027cbdec01","***","2026-08-17T20:41:50.561Z","2","Homicide/Death Investigation"
"6927d749-a9f6-46e0-b2b7-b21ad56ecb65","***","2026-08-17T21:01:39.063Z","1564","Homicide/Death Investigation"
"a29a13a1-f4b6-4862-bfc3-5a5ab1f9987b","***","2026-08-17T22:08:52.417Z","1564","Weapons Offense (Guns/Shots Fired)"
"aba432d2-a969-44a8-be65-b7a2a69499f0","***","2026-08-17T23:00:45.015Z","1564","Alcohol Offenses (Non-DUI)"
"a4c18acc-9756-4ef7-a724-90b3440f1bbd","***","2026-08-18T00:16:18.392Z","1564","Motor Vehicle Theft/Stolen"
"bd2898e2-9cf2-4013-b3dd-cc4ff22e528c","***","2026-08-18T00:20:17.273Z","4","Welfare Check"
"41e665e0-676e-4bb3-bc97-d1e356ba3f41","***","2026-08-18T00:20:56.373Z","1564","Welfare Check"
"0c21e1ed-93fc-4441-ab12-4ffb93dfd7a8","***","2026-08-18T00:22:07.593Z","1564","Welfare Check"
"f5a33f97-5ea2-45de-8ef6-38a0a7c32f24","***","2026-08-18T01:15:03.214Z","1564","Welfare Check"
"f0fc0934-4126-448a-89b6-5ce0678e9dff","***","2026-08-18T01:47:36.939Z","1","Welfare Check"
"1ad59e0b-0bb6-4d85-a714-ac5f890a7cd5","***","2026-08-18T02:01:19.197Z","1","Welfare Check"
"3f0f762d-bca8-4efd-83cc-ce37974db0da","***","2026-08-18T02:08:44.759Z","1564","Larceny/Theft Offenses"
"b891dcba-f5fa-47c3-976b-13225b00cb00","***","2026-08-18T02:56:55.400Z","1564","Assault/Battery Offenses"
"7fd10caf-5047-4cfd-8fe0-50e8816565ca","***","2026-08-18T03:07:03.094Z","1564","Assault/Battery Offenses"
"892abf92-9b63-4d40-a2e3-b47075bb9d5e","***","2026-08-18T03:08:49.442Z","1564","Obstructing the Police (Fleeing/Eluding)"
"d950719a-39e6-48be-bd03-0cfb4153d5e9","***","2026-08-18T03:09:52.284Z","1","Obstructing the Police (Fleeing/Eluding)"
"1722fefb-6ae2-4bbf-851c-b19cfd5b8eb1","***","2026-08-18T03:09:59.712Z","1517","Alcohol Offenses (Non-DUI)"
"416ec583-badc-4a98-a079-f6eb8aa50637","***","2026-08-18T03:10:16.968Z","1","Traffic Infraction"
"76ba1986-3cce-4f22-bd7a-50c6efe9481c","***","2026-08-18T03:10:18.008Z","1564","Motor Vehicle Theft/Stolen"
"4da64643-0cb7-4c38-b228-7955ab6c2b55","***","2026-08-18T03:12:14.310Z","6","Assault/Battery Offenses (Domestic)"
"26851ab8-3840-471e-83a1-b17432fbc8b8","***","2026-08-18T03:14:39.982Z","1564","Obstructing the Police (Fleeing/Eluding)"
"8cf42a96-936c-4324-9274-f5f68ef5d1e7","***","2026-08-18T03:17:50.647Z","1","Obstructing the Police (Fleeing/Eluding)"
"c6d082c0-676c-4e7f-806a-cc0dd6516581","***","2026-08-18T03:27:00.672Z","1564","Obstructing the Police (Fleeing/Eluding)"
"5cf6a269-8dd8-4c46-9378-dbc7e51368f1","***","2026-08-18T03:28:18.090Z","1564","Welfare Check"
"813f0a2c-39f1-440d-94a4-d3217efd4579","***","2026-08-18T03:28:50.314Z","1564","Obstructing Justice"
"2869c193-357c-47fd-bd08-069f035c9af9","***","2026-08-18T03:28:52.128Z","1","Obstructing the Police (Fleeing/Eluding)"
"b14418d2-9262-4c4e-af72-922efda20649","***","2026-08-18T03:39:39.373Z","4","Welfare Check"
"5da4ed63-fd90-404f-96bf-19d977d05215","***","2026-08-18T04:03:15.566Z","1564","Assault/Battery Offenses"
"ae699ec1-88dc-4468-b246-42a5b9e7b5c1","***","2026-08-18T04:11:16.463Z","245","Assault/Battery Offenses"
"17daef36-7f3d-42d9-a7a7-2cd8b536c1ce","***","2026-08-18T04:22:06.621Z","1564","Welfare Check"
"edfd071b-fec8-49bb-b892-71fe5995e7a9","***","2026-08-18T07:05:45.349Z","1564","Obstructing the Police (Fleeing/Eluding)"
"60a916e3-e8cf-410c-819d-ade1ac51d975","***","2026-08-18T09:35:58.167Z","1564","Assault/Battery Offenses (Domestic)"
"a8bd1745-251f-494c-a063-dc1b765b2e85","***","2026-08-18T10:14:08.087Z","6133","Welfare Check"
"cba56faf-e0bf-4952-bc8d-7d7327c1050e","***","2026-08-18T10:55:36.577Z","1564","Wanted Person (Arrest Warrant/Fugitive)"
"c50eb462-ec47-4c5e-b4c5-de70d0c616d7","***","2026-08-18T11:10:16.489Z","1","Welfare Check"
"733f4f7f-6ef3-4037-a862-824e98b3e943","***","2026-08-18T11:59:32.758Z","1564","Motor Vehicle Theft/Stolen"
"516b2ac6-08e8-45c9-9b2c-40f4319f938d","***","2026-08-18T12:01:15.848Z","1564","Motor Vehicle Theft/Stolen"
"9733fbd0-8c54-4847-ac4a-c12df4fc1045","***","2026-08-18T12:18:59.966Z","1","Weapons Offense (Guns/Shots Fired)"
"2b961255-9b5a-437d-ac67-e5526bfbf758","***","2026-08-18T12:24:14.262Z","1564","Wanted Person (Arrest Warrant/Fugitive)"
"9ea21bf2-550e-4e64-89fb-23abf432ff91","***","2026-08-18T12:58:52.819Z","245","Welfare Check"
"eddb3e5d-375f-46e8-828c-22c32f1bfa0a","***","2026-08-18T12:59:44.947Z","6132","Larceny/Theft Offenses"
"80b2ed00-beab-45fb-9670-7bc2698e849e","***","2026-08-18T13:01:34.047Z","245","Larceny/Theft Offenses"
"f3ca262c-602f-4c98-84c3-55371c0ef09a","***","2026-08-18T13:05:35.086Z","1564","Homicide/Death Investigation"
"4fbade73-a912-4702-ad7a-0435ed79036b","***","2026-08-18T13:36:06.321Z","1","Criminal Motor Vehicle Offense (incl. Road Rage/Reckless), Traffic Infraction"
"d03bef50-25f4-415c-ab5b-78d86d520d57","***","2026-08-18T14:58:10.858Z","1","Homicide/Death Investigation"
"d13635f5-d892-44bf-bcae-a951fe5039f0","***","2026-08-18T15:03:17.745Z","6132","Motor Vehicle Theft/Stolen"
"1d96e025-a6fe-4478-b5c8-80a8f0ae68d5","***","2026-08-18T15:14:13.253Z","1564","Wanted Person (Arrest Warrant/Fugitive)"
"ebfbabed-5ab0-4e9b-ad65-1c7af1c965dd","***","2026-08-18T15:29:14.767Z","1564","Motor Vehicle Theft/Stolen"
"51132ea8-eb32-45b7-9ff8-5f36a3a21233","***","2026-08-18T16:10:05.382Z","1564","Wanted Person (Arrest Warrant/Fugitive)"
"bf1a47eb-7536-4c7c-b94f-c9de09ec3099","***","2026-08-18T17:16:58.563Z","1564","Wanted Person (Arrest Warrant/Fugitive)"
"fb67ada7-7039-4782-bd5f-e46cd10f9c9e","***","2026-08-18T17:29:40.501Z","1564","Wanted Person (Arrest Warrant/Fugitive)"
"af40aa9b-1733-4e85-84cc-d7079abfa7d5","***","2026-08-18T17:31:16.195Z","245","Assault/Battery Offenses"
"5f67d8e3-2096-47be-a2be-9db9312b8db6","***","2026-08-18T18:02:53.030Z","1564","Hit and Run/Car Accident"
"966655a8-b3b4-4ae8-aa5a-c72144efaef7","***","2026-08-18T18:28:57.955Z","1","Alcohol Offenses (Non-DUI)"
"90746906-18c3-4e9d-acdb-708cca6bee0a","***","2026-08-18T18:45:00.358Z","245","Sex Offenses"
"581942a8-3da2-4563-be57-fb38e7308b0c","***","2026-08-18T18:53:42.075Z","1564","Wanted Person (Arrest Warrant/Fugitive)"
"26708549-58e9-4c32-b520-adfa4d15f3c1","***","2026-08-18T19:00:34.760Z","1517","Alcohol Offenses (Non-DUI)"
"ecaeefbd-9f67-42c8-a3b9-def8ab3b427b","***","2026-08-18T19:04:46.323Z","1564","Welfare Check"
"f7651d1e-86ee-4e35-a371-ba757d15ce88","***","2026-08-18T19:07:56.515Z","245","Welfare Check"
"458612aa-b339-47f6-b273-07d30368929c","***","2026-08-18T19:09:09.609Z","1564","Welfare Check"
"21452ede-29a2-441a-855d-e4624fe03adc","***","2026-08-18T19:11:59.382Z","6130","Motor Vehicle Theft/Stolen"
"355ef60c-eb1e-4dae-9fc9-be2e4f085168","***","2026-08-18T19:17:58.153Z","1564","Wanted Person (Arrest Warrant/Fugitive)"
"21037c21-a478-4c41-a977-3239341250fc","***","2026-08-18T19:21:50.946Z","1564","Wanted Person (Arrest Warrant/Fugitive)"
"8748b626-95a4-411f-8d70-7d297e1e3c6a","***","2026-08-18T19:21:53.444Z","6130","Motor Vehicle Theft/Stolen"
"8eaba678-6981-45cf-9bb2-88dee2a96a02","***","2026-08-18T19:44:45.839Z","1517","Traffic Infraction"
"6367b157-2375-429d-980d-48d8ad43dbe0","***","2026-08-18T20:00:22.119Z","245","Welfare Check"
"37e0f2d8-d111-4869-b08e-bf3bac68aa26","***","2026-08-18T20:11:57.072Z","1517","Alcohol Offenses (Non-DUI)"
"a6c42f14-0192-49d0-b385-eaa284313e22","***","2026-08-18T20:14:30.088Z","1517","Alcohol Offenses (Non-DUI)"
"63bb7137-eaa2-48b6-a780-60e6fb9b670e","***","2026-08-18T20:31:40.011Z","1564","Welfare Check"
"ba0a519d-700b-49ab-8904-be44e3c74c8c","***","2026-08-18T20:32:39.496Z","6128","Motor Vehicle Theft/Stolen"
"fd77e5c3-e408-413c-bbbb-e8005c7dd49e","***","2026-08-18T20:35:52.419Z","1517","Traffic Infraction"
"a1851f26-8b48-4bf1-971c-d53bdbeb091d","***","2026-08-18T21:30:32.151Z","1562","Motor Vehicle Theft/Stolen"
"b155c70a-b576-48e5-87db-ade6420a3c51","***","2026-08-18T23:11:28.387Z","1562","Wanted Person (Arrest Warrant/Fugitive)"
"63edb7f9-a897-41fe-92da-cfe8b993937d","***","2026-08-18T23:31:48.787Z","1516","Weapons Offense (Guns/Shots Fired)"
"cfc7ea92-dd3b-49c5-8e14-45a54ba00eb0","***","2026-08-19T00:12:37.071Z","1516","Sex Offenses"
"e3eac1df-9ace-4439-8be4-60e4df08265e","***","2026-08-19T00:25:22.374Z","1562","Obstructing the Police (Fleeing/Eluding)"
"6db06f17-c1fc-465f-b978-0b0b48d0c711","***","2026-08-19T00:25:28.248Z","1516","Obstructing the Police (Fleeing/Eluding)"
"afb6f80b-169e-4587-892e-8095b1592f6e","***","2026-08-19T00:26:48.138Z","245","Obstructing the Police (Fleeing/Eluding)"
"24d31228-4dcd-4bd4-93f6-ff6e0e66c996","***","2026-08-19T00:29:53.568Z","1516","Obstructing the Police (Fleeing/Eluding)"
"6259128a-60cc-48b0-9848-d405eda3f063","***","2026-08-19T01:12:32.857Z","1516","Obstructing the Police (Fleeing/Eluding)"
"bf1462b1-9b3f-413c-b7a1-3c699be342d9","***","2026-08-19T02:03:45.766Z","1516","Obstructing the Police (Fleeing/Eluding)"
"6a8f32fe-9bc9-4f81-acd9-3fbb125c97e3","***","2026-08-19T02:15:13.677Z","1562","Obstructing the Police (Fleeing/Eluding)"
"135b4710-0359-4c12-8f8b-66fda2ccc0c5","***","2026-08-19T03:38:14.932Z","1562","Obstructing the Police (Fleeing/Eluding)"
"97f7504b-0263-443c-b1c7-b979b0321c8b","***","2026-08-19T04:38:53.705Z","1","Obstructing the Police (Fleeing/Eluding)"
"13ca7c9b-0e29-42b5-8097-8c92eb738184","***","2026-08-19T04:53:00.070Z","1562","Drugs/Narcotics"
"7db8e268-a74d-46d8-a929-4f9d70c12c5d","***","2026-08-19T05:08:22.774Z","1562","Drugs/Narcotics"
"78109565-aa84-488a-995e-9041f820f0ea","***","2026-08-19T05:56:07.097Z","1","Obstructing the Police (Fleeing/Eluding)"
"466ffa1f-b0a1-4399-9988-d294d8eb1e96","***","2026-08-19T06:04:19.216Z","1","Obstructing the Police (Fleeing/Eluding)"
"cab83890-1326-473d-b695-3145bf0564ac","***","2026-08-19T06:25:33.519Z","1516","Obstructing the Police (Fleeing/Eluding)"
"003c475e-7c36-4470-b547-05a809fbfe78","***","2026-08-19T06:32:30.696Z","1516","Wanted Person (Arrest Warrant/Fugitive)"
"206453f0-335e-4f24-b7f9-d95cbf29758e","***","2026-08-19T07:35:44.486Z","1","Obstructing the Police (Fleeing/Eluding)"
"0a7043c8-bbc4-433c-98db-688c0d9f5893","***","2026-08-19T09:22:28.243Z","245","Drugs/Narcotics"
"c7ddf977-00ae-469d-b5ce-2d28b9a081aa","***","2026-08-19T09:41:52.319Z","1562","Welfare Check"
"3928172e-0e33-43e1-821c-170c62c0271e","***","2026-08-19T10:02:22.520Z","1","Welfare Check"
"3f998da3-ef31-4cbe-aae5-c6350146719d","***","2026-08-19T10:52:42.298Z","6125","Welfare Check"
"467dc383-4b4b-470f-af16-ba60e220469a","***","2026-08-19T11:01:48.266Z","1516","Sex Offenses"
"42d2a330-9457-4aa9-b295-63632abdeae7","***","2026-08-19T11:06:31.908Z","1","Sex Offenses"
"31b98f1e-8c44-4ee3-a76c-138fcdbf5931","***","2026-08-19T11:45:35.648Z","6125","Motor Vehicle Theft/Stolen"
"b9b070c2-7bfc-469c-989a-dc07ff23cc8c","***","2026-08-19T11:50:54.832Z","245","Motor Vehicle Theft/Stolen"
"76a2f206-fb14-442e-815b-223f7a42f127","***","2026-08-19T11:54:41.096Z","1562","Wanted Person (Arrest Warrant/Fugitive)"
"1d010bab-e120-40f4-a6a7-d5d9ca8356d6","***","2026-08-19T12:08:12.301Z","6125","Motor Vehicle Theft/Stolen"
"d90c4b4d-3116-4438-8214-a402fdb9052a","***","2026-08-19T12:08:28.771Z","1562","Wanted Person (Arrest Warrant/Fugitive)"
"c40d5582-5895-48fd-8e30-44e7eb9b036c","***","2026-08-19T12:10:34.022Z","1562","Wanted Person (Arrest Warrant/Fugitive)"
"0293b180-1b2f-4e42-acbd-0b97f33e439b","***","2026-08-19T12:15:26.869Z","1","Financial Crime (Embezzlement/Fraud)"
"efcc6361-8f55-41e8-a942-8d43ee57eb81","***","2026-08-19T12:19:46.288Z","1562","Wanted Person (Arrest Warrant/Fugitive)"
"92cddc19-4aaf-462d-8608-0a7bc70f5d92","***","2026-08-19T12:26:29.143Z","1562","Motor Vehicle Theft/Stolen"
"ecbcfd9e-431d-4751-be63-6c75ebce78bc","***","2026-08-19T12:39:22.222Z","245","Obstructing the Police (Fleeing/Eluding)"
"fc1aacea-07c8-4c44-a8ba-42f36d2ab32b","***","2026-08-19T12:42:04.023Z","245","Obstructing the Police (Fleeing/Eluding)"
"eb09c5e9-a1f8-4abe-be82-f7c356e67a48","***","2026-08-19T12:43:45.117Z","6125","Welfare Check"
"668be273-0f4c-4c75-9a8a-8c1fe97affae","***","2026-08-19T12:44:16.301Z","1561","Obstructing the Police (Fleeing/Eluding)"
"d8cf5a4a-080b-4d95-8b65-ef34d3d7a320","***","2026-08-19T12:44:38.076Z","1561","Wanted Person (Arrest Warrant/Fugitive)"
"12c4f780-72fb-4b13-87c6-dbebc6f8fe0e","***","2026-08-19T12:49:03.329Z","1","Drugs/Narcotics"
"fb0daa5f-967a-4292-8c91-af18d9a68ac5","***","2026-08-19T13:01:09.088Z","1561","Obstructing the Police (Fleeing/Eluding)"
"7f296b05-b4de-4fdb-a740-1b3e6800e9e8","***","2026-08-19T13:03:55.203Z","6125","Motor Vehicle Theft/Stolen"
"8c30aeaf-b9cf-4484-b157-bf43f100ff9d","***","2026-08-19T13:07:17.638Z","1561","Wanted Person (Arrest Warrant/Fugitive)"
"b49c4eef-fbec-401f-b62a-1baab709e1a5","***","2026-08-19T13:08:46.967Z","1561","Obstructing the Police (Fleeing/Eluding)"
"c1844c08-94a1-4091-ad13-be9abf5383a5","***","2026-08-19T13:10:19.968Z","245","Obstructing the Police (Fleeing/Eluding)"
"311dee4e-3424-4572-b7e2-2f68f5249cde","***","2026-08-19T13:18:48.194Z","1","Weapons Offense (Guns/Shots Fired)"
"843b6adb-43fc-41f6-93fe-470099f688e5","***","2026-08-19T13:38:31.703Z","1","Sex Offenses"
"924aba69-b384-46d8-919b-fd272ab269b2","***","2026-08-19T13:40:33.535Z","1561","Wanted Person (Arrest Warrant/Fugitive)"
"86e15380-9812-4474-9210-f610a5d961ad","***","2026-08-19T13:50:12.376Z","1515","Drugs/Narcotics, Obstructing the Police (Fleeing/Eluding)"
"8524ec72-833c-472c-85b6-284a0384852d","***","2026-08-19T14:10:40.902Z","1561","Wanted Person (Arrest Warrant/Fugitive)"
"63085b25-3cb7-4db8-8d44-9722a5c49124","***","2026-08-19T14:12:28.048Z","6124","Motor Vehicle Theft/Stolen"
"88fb4dd7-9283-47ec-93eb-cbcc0fda26af","***","2026-08-19T14:16:22.640Z","6124","Welfare Check"
"810163ec-d024-4333-919d-5b2605598226","***","2026-08-19T14:55:40.681Z","1561","Obstructing the Police (Fleeing/Eluding)"
"cb9b5d0a-e4d2-4a07-9871-9e50e0d1c3a9","***","2026-08-19T15:03:31.035Z","1561","Homicide/Death Investigation"
"0bcf8d87-904e-48bb-b526-b97a77ae25e1","***","2026-08-19T15:05:45.309Z","1561","Obstructing the Police (Fleeing/Eluding)"
"4677f285-03b3-466a-919f-ef13cce20292","***","2026-08-19T15:18:44.244Z","6124","Welfare Check"
"fd7b5a9c-d917-4f94-9606-89c35b20f7a3","***","2026-08-19T15:18:50.186Z","1561","Wanted Person (Arrest Warrant/Fugitive)"
"c59d2e78-6c69-4be0-853a-8f27501b0a3e","***","2026-08-19T15:34:17.280Z","1","Obstructing the Police (Fleeing/Eluding)"
"21d3aef9-8265-4e94-bd93-8ae2664124ab","***","2026-08-19T15:43:06.949Z","6124","Motor Vehicle Theft/Stolen"
"e6194010-a2cb-4992-88ce-671dc92b300d","***","2026-08-19T16:07:43.185Z","6124","Motor Vehicle Theft/Stolen"
"548c2e6e-18e9-45f9-8b94-0e2e204c01a9","***","2026-08-19T16:12:49.520Z","1561","Homicide/Death Investigation"
"a7a76e53-bf97-4597-84c6-598c52908549","***","2026-08-19T16:23:24.441Z","1","Obstructing the Police (Fleeing/Eluding)"
"1f4b7152-031d-469e-ab6e-8340144ab864","***","2026-08-19T16:24:35.098Z","1561","Wanted Person (Arrest Warrant/Fugitive)"
"189d3986-5809-4f1e-af97-c43f1dbe8569","***","2026-08-19T16:32:35.106Z","7","Homicide/Death Investigation"
"1456a08c-ff34-435b-ba8b-8e73cdd1b411","***","2026-08-19T16:33:24.161Z","1","Wanted Person (Arrest Warrant/Fugitive)"
"6745325f-2ecb-461f-89cf-1386ca69a4b6","***","2026-08-19T17:02:18.512Z","6122","Motor Vehicle Theft/Stolen"
"075f59be-4bb9-4bd5-bf8a-2108cf266150","***","2026-08-19T17:30:15.524Z","1561","Homicide/Death Investigation"
"329af82b-3cd4-4685-abc5-a0cfb92d077c","***","2026-08-19T17:36:31.679Z","1561","Wanted Person (Arrest Warrant/Fugitive)"
"242c8fa9-43cd-4328-9484-fe680f9aaf35","***","2026-08-19T18:03:14.382Z","6121","Motor Vehicle Theft/Stolen"
"5e3bde55-7662-4137-87d3-135223afc463","***","2026-08-19T18:13:52.944Z","1","Assault/Battery Offenses (Domestic)"
"d3c59ca1-d6ee-464f-92af-c138b7f4e0c9","***","2026-08-19T18:15:57.244Z","245","Motor Vehicle Theft/Stolen"
"94ec4738-7305-4d1d-a6a2-bd885fc882c5","***","2026-08-19T18:32:55.261Z","1","Sex Offenses"
"7a717ca3-7afb-4ec8-abed-68a7e6ed5c8d","***","2026-08-19T18:33:06.128Z","1561","Obstructing the Police (Fleeing/Eluding)"
"2e368244-a4cb-45fb-938e-15129ce6e895","***","2026-08-19T18:38:25.085Z","1561","Obstructing the Police (Fleeing/Eluding)"
"b2acf60d-f17d-4bf6-af55-3c422c7ae207","***","2026-08-19T19:00:39.242Z","1561","Homicide/Death Investigation"
"2e048692-0da7-4ff4-b656-d985b6c18361","***","2026-08-19T19:02:41.139Z","1561","Obstructing the Police (Fleeing/Eluding)"
"71122aa2-68b8-4327-a3a0-1bf414b67c0c","***","2026-08-19T19:32:40.322Z","6123","Welfare Check"
"9355fc19-a622-4692-83cd-90bfdfa7bd80","***","2026-08-19T20:03:20.962Z","1561","Homicide/Death Investigation"
"daba5e13-9b56-4ef0-85c0-15c0a60fb2ce","***","2026-08-19T20:05:47.387Z","1561","Motor Vehicle Theft/Stolen"
"61ed281b-a6c1-4e5f-850e-93280e4d1ce8","***","2026-08-19T20:08:08.726Z","245","Motor Vehicle Theft/Stolen"
"3295ffa8-efff-464a-9fae-b170effac588","***","2026-08-19T20:11:07.253Z","1561","Obstructing the Police (Fleeing/Eluding)"
"ba2cff7a-8e70-422f-919d-d4fa8fb23ac5","***","2026-08-19T20:15:07.880Z","245","Obstructing the Police (Fleeing/Eluding)"
"7ae60e1a-1e96-49d5-92bf-1d9c2c6e4748","***","2026-08-19T20:26:33.496Z","1561","Wanted Person (Arrest Warrant/Fugitive)"
"14d1071d-0bcd-451e-ac52-98af1f985b71","***","2026-08-19T20:35:34.908Z","1561","Alcohol Offenses (Non-DUI)"
"e8bc2605-50e3-45fc-924b-b052d874a1f7","***","2026-08-19T21:05:31.376Z","1561","Homicide/Death Investigation"
"23ceae6e-7155-4284-bafd-bfa1a1414424","***","2026-08-19T21:19:14.416Z","245","Obstructing the Police (Fleeing/Eluding)"
"43604691-e835-4cd5-9a35-16914410b9e8","***","2026-08-19T21:23:50.692Z","1560","Wanted Person (Arrest Warrant/Fugitive)"
"7ca9c20c-7d5b-4621-83f5-e43861340725","***","2026-08-19T22:14:25.683Z","1514","Weapons Offense (Guns/Shots Fired)"
"710209fc-2bb8-4d93-b424-7b426fc692ae","***","2026-08-19T22:51:38.571Z","1514","Alcohol Offenses (Non-DUI)"
"4312ed10-d4a1-4125-a09c-2c70fb5b9d8e","***","2026-08-19T23:22:47.032Z","88","Wanted Person (Arrest Warrant/Fugitive)"
"a3ecbc56-5c02-4ff0-aa35-f96f40a4e78b","***","2026-08-19T23:50:50.471Z","1514","Wanted Person (Arrest Warrant/Fugitive)"
"9ae87b32-4ed6-4e05-afe9-b7623097edd2","***","2026-08-20T00:24:07.308Z","1514","Wanted Person (Arrest Warrant/Fugitive)"
"1e098041-c414-4a38-9f24-bf65c2793e53","***","2026-08-20T00:48:56.751Z","1514","Alcohol Offenses (Non-DUI)"
"322a0353-fa95-4e01-834d-8d57c8444cec","***","2026-08-20T01:08:30.757Z","1514","Wanted Person (Arrest Warrant/Fugitive)"
"d6ade8dc-7a48-45fb-8830-c3b729ce4096","***","2026-08-20T02:00:22.031Z","1514","Weapons Offense (Guns/Shots Fired)"
"bd877cfc-8d59-4f17-9b3c-cf44938e144d","***","2026-08-20T03:35:58.102Z","1514","Motor Vehicle Theft/Stolen"
"5b3591b8-0216-4868-9365-681633fe089a","***","2026-08-20T04:53:05.188Z","1","Wanted Person (Arrest Warrant/Fugitive)"
"4235a6c1-b85d-4442-9f08-951820677e10","***","2026-08-20T04:55:58.554Z","1560","Obstructing the Police (Fleeing/Eluding)"
"642c3b04-8e33-4c84-8a08-aaf3e4d626af","***","2026-08-20T05:00:33.477Z","1514","Obstructing the Police (Fleeing/Eluding)"
"9740b2cc-5681-4c2d-801c-86f069e323a3","***","2026-08-20T05:01:08.994Z","6121","Wanted Person (Arrest Warrant/Fugitive)"
"74e0a7f7-359a-43cc-a393-fc4e328894a2","***","2026-08-20T05:28:09.349Z","1","Wanted Person (Arrest Warrant/Fugitive)"
"a06a4072-2a17-486d-9835-17c4b7459c20","***","2026-08-20T06:03:23.373Z","1","Wanted Person (Arrest Warrant/Fugitive)"
"da13bf89-7f1d-4f72-b724-0da808eeaf14","***","2026-08-20T06:43:55.246Z","88","Drugs/Narcotics"
"2d05f51f-3413-44c1-b74e-68f706e2962a","***","2026-08-20T07:51:31.101Z","1","Wanted Person (Arrest Warrant/Fugitive)"
"d377c5ba-868b-4931-b4ff-78283cdd2037","***","2026-08-20T08:06:26.569Z","1","Wanted Person (Arrest Warrant/Fugitive)"
"c83ea3f6-6b4b-4d05-805f-da4941269615","***","2026-08-20T10:02:42.084Z","1560","Wanted Person (Arrest Warrant/Fugitive)"
"071dc22e-517b-40ee-9a1e-7a856b7767bf","***","2026-08-20T10:08:40.024Z","1514","Homicide/Death Investigation"
"fb8003c2-170c-443f-ab99-ba36b1e33d80","***","2026-08-20T10:14:54.784Z","1514","Assault/Battery Offenses"
"3aff345a-0bb2-46cf-bff4-1d05a0e49896","***","2026-08-20T10:42:32.234Z","1560","Wanted Person (Arrest Warrant/Fugitive)"
"c000af35-75d0-4ce8-8396-bebb1cc4e89f","***","2026-08-20T11:00:23.833Z","1560","Wanted Person (Arrest Warrant/Fugitive)"
"fd5385db-250e-4dea-b1a1-0503d4cd146e","***","2026-08-20T11:08:38.044Z","6121","Welfare Check"
"41edc678-5013-4003-a26b-db72defca3cc","***","2026-08-20T11:28:31.737Z","1560","Animal Offenses (cruelty/neglect)"
"3f123e71-a95f-4c1e-b97e-18a5e74e90bb","***","2026-08-20T11:47:09.045Z","1560","Wanted Person (Arrest Warrant/Fugitive)"
"241998ce-aff2-4dcd-b6c9-070ee0fd4e16","***","2026-08-20T11:49:50.751Z","1560","Wanted Person (Arrest Warrant/Fugitive)"
"411c61b2-665d-4d45-9c48-560fb02e6ac0","***","2026-08-20T11:51:34.589Z","1513","Wanted Person (Arrest Warrant/Fugitive)"
"b5d73e33-cc77-411d-af50-0724d079c850","***","2026-08-20T12:00:03.140Z","1513","Wanted Person (Arrest Warrant/Fugitive)"
"89e71ed1-19be-4c5c-b46b-b5dc77c9fb27","***","2026-08-20T12:01:41.063Z","1560","Wanted Person (Arrest Warrant/Fugitive)"
"c7069115-faf6-4444-ba83-a034c401e035","***","2026-08-20T12:01:47.727Z","1560","Wanted Person (Arrest Warrant/Fugitive)"
"98edfa2d-9d63-4c3c-ba1c-2a5909242814","***","2026-08-20T12:03:42.647Z","1560","Wanted Person (Arrest Warrant/Fugitive)"
"d64e8f84-5d36-496b-8495-dffa7a0180c0","***","2026-08-20T12:15:12.137Z","1514","Assault/Battery Offenses"
"92dc10ff-589d-4c18-9d4f-5fb3b83aee4a","***","2026-08-20T12:23:11.554Z","1560","Wanted Person (Arrest Warrant/Fugitive)"
"72e76ced-b709-4e7a-8dda-a83eb1a607ec","***","2026-08-20T12:54:10.702Z","1513","Wanted Person (Arrest Warrant/Fugitive)"
"65f885e3-05a5-484d-803b-dbfa6f186d3e","***","2026-08-20T13:10:52.224Z","1560","Wanted Person (Arrest Warrant/Fugitive)"
"066ffaa0-9516-4953-82a3-1dda9edb3eaf","***","2026-08-20T13:10:58.448Z","1513","Wanted Person (Arrest Warrant/Fugitive)"
"3840d3b5-c00b-4833-92a8-298a6bc2fb0a","***","2026-08-20T13:11:57.791Z","1560","Wanted Person (Arrest Warrant/Fugitive)"
"88e5963a-968e-4a9a-bd11-686a730e1cfd","***","2026-08-20T13:26:58.340Z","6123","Wanted Person (Arrest Warrant/Fugitive)"
"20deb0c8-71f1-448f-a0ed-6ce1110393d0","***","2026-08-20T13:31:39.785Z","1560","Wanted Person (Arrest Warrant/Fugitive)"
"d0e90eb2-4178-4c2d-914b-e3fdd5cae011","***","2026-08-20T13:39:04.929Z","6123","Motor Vehicle Theft/Stolen"
"ffb5b1d9-eebb-4158-9853-91584ec5dd51","***","2026-08-20T13:44:50.357Z","1","Assault/Battery Offenses"
"dd5b50ca-7f58-4dd0-a143-fd4c982fddc1","***","2026-08-20T13:47:24.706Z","6123","Welfare Check"
"5fa576fd-f8a1-444f-aa53-e9d9f90f3b39","***","2026-08-20T14:02:05.782Z","1560","Motor Vehicle Theft/Stolen"
"4112b27a-6550-43da-b302-424cea155563","***","2026-08-20T14:07:56.587Z","1513","Wanted Person (Arrest Warrant/Fugitive)"
"15e46635-47b9-4ed5-936b-a2fd24336a65","***","2026-08-20T14:08:13.787Z","1560","Sex Offenses"
"c9c13419-e3ec-42b5-8ad0-5faf7518a350","***","2026-08-20T14:08:25.055Z","245","Welfare Check"
"40769498-57d7-4658-8f01-1dc36ad19ecb","***","2026-08-20T14:09:54.550Z","1","Assault/Battery Offenses"
"4c010081-b9fc-44af-8c68-9b2423e2b058","***","2026-08-20T14:12:35.705Z","1560","Wanted Person (Arrest Warrant/Fugitive)"
"4b259fa1-c188-4abf-a74e-9c5e61e4a45f","***","2026-08-20T14:18:03.834Z","1560","Wanted Person (Arrest Warrant/Fugitive)"
"77580a00-a655-49ed-b3e3-a7f634539e6d","***","2026-08-20T14:45:41.518Z","1512","Assault/Battery Offenses"
"637c9d21-d69e-4509-9830-937846abe84c","***","2026-08-20T15:06:23.635Z","1","Criminal Motor Vehicle Offense (incl. Road Rage/Reckless)"
"dd31fc6b-1688-4fac-85cf-3ea305bacc29","***","2026-08-20T15:20:33.146Z","6119","Welfare Check"
"c7f2ef66-456c-43fe-a6fc-a1e50721d98f","***","2026-08-20T15:29:34.890Z","1511","Wanted Person (Arrest Warrant/Fugitive)"
"f3b8825a-adda-4d12-8e62-20332afe3e6d","***","2026-08-20T16:08:36.062Z","6117","Welfare Check"
"b83357d3-9d76-4073-a96a-700566cca522","***","2026-08-20T16:16:38.027Z","1508","Wanted Person (Arrest Warrant/Fugitive)"
"0f41fe79-ac64-4d4f-aa22-71e46a4692e8","***","2026-08-20T16:21:27.505Z","1554","Wanted Person (Arrest Warrant/Fugitive)"
"6f880fcb-05a8-4cb9-9460-47ba301c79ad","***","2026-08-20T16:33:11.073Z","1507","Wanted Person (Arrest Warrant/Fugitive)"
"e54c667d-f908-4b02-bb66-ab2dd7374f91","***","2026-08-20T16:40:00.271Z","1554","Sex Offenses"
"b4d23bc8-cbca-4401-9859-6bc1b55de68b","***","2026-08-20T17:12:24.660Z","6118","Welfare Check"
"6aaf1c74-c240-4b02-bf87-8fbecd93468c","***","2026-08-20T17:23:29.462Z","1553","Motor Vehicle Theft/Stolen"
"b444e008-65fe-4af3-906d-d0997f01e420","***","2026-08-20T17:58:13.733Z","1553","Sex Offenses"
"08bf8a2b-808c-47a6-ad51-b9a47f8a73fe","***","2026-08-20T17:58:39.237Z","1507","Motor Vehicle Theft/Stolen"
"eae470d7-bb68-4058-8698-65ad675eaadd","***","2026-08-20T18:03:31.766Z","1507","Motor Vehicle Theft/Stolen"
"41a7bd0a-0fa7-4036-b5a7-ffe00589e206","***","2026-08-20T18:12:04.043Z","1553","Wanted Person (Arrest Warrant/Fugitive)"
"45622068-797c-47b1-9ecc-fd5bd4b0f0f8","***","2026-08-20T18:22:02.289Z","1","Motor Vehicle Theft/Stolen"
"efa6bf1f-a935-4264-b274-5d53a5695488","***","2026-08-20T18:23:00.639Z","1507","Wanted Person (Arrest Warrant/Fugitive)"
"bc3b8cbb-c08a-41ce-955e-7b2a9cb1d480","***","2026-08-20T18:34:04.524Z","6117","Welfare Check"
"6dd6e03a-ecb3-4a33-8522-404ef94683f1","***","2026-08-20T19:03:50.558Z","1","Welfare Check"
"e28a6244-03ed-4e81-ae06-f746f6a50968","***","2026-08-20T19:09:52.418Z","1553","Wanted Person (Arrest Warrant/Fugitive)"
"0ad2d7f5-9a63-4d50-8804-9242d033253a","***","2026-08-20T19:44:08.319Z","6117","Motor Vehicle Theft/Stolen"
"22c2b1e1-bbe4-41fc-9161-a967755bc79c","***","2026-08-20T20:04:34.157Z","1","Obstructing the Police (Fleeing/Eluding)"
"8bb1ff01-280f-4a51-99bd-79370bf7985c","***","2026-08-20T20:06:14.908Z","1553","Wanted Person (Arrest Warrant/Fugitive)"
"8beecdbb-a76e-4a13-98a7-de63205ee2e7","***","2026-08-20T20:06:42.203Z","245","Obstructing the Police (Fleeing/Eluding)"
"97fc81e3-ab96-4e38-9e7b-18a2c01a7916","***","2026-08-20T20:09:25.232Z","1507","Obstructing the Police (Fleeing/Eluding)"
"a934a5c3-ee0f-4bc2-bde3-84e2bebd2cff","***","2026-08-20T20:16:22.711Z","1553","Wanted Person (Arrest Warrant/Fugitive)"
"65196297-c3f6-4b76-ab2d-d4dbe26cec1a","***","2026-08-20T20:17:38.428Z","1553","Obstructing the Police (Fleeing/Eluding)"
"5e262452-d7e4-4324-9351-2f4f7a64060e","***","2026-08-20T20:19:15.436Z","1553","Wanted Person (Arrest Warrant/Fugitive)"
"94bf1f60-561f-4a04-a283-3d998191e41c","***","2026-08-20T20:19:50.615Z","1507","Obstructing the Police (Fleeing/Eluding)"
"5e5db15f-80b7-4373-9eee-d9f989b4c5ec","***","2026-08-20T20:34:37.956Z","6117","Motor Vehicle Theft/Stolen"
"bb0795e6-a232-4027-8c0a-491e964cff80","***","2026-08-20T20:40:02.114Z","1506","Alcohol Offenses (Non-DUI)"
"35ae8ff4-36c2-4f43-94fe-ca7ad4f0f457","***","2026-08-20T21:14:54.758Z","1506","Obstructing the Police (Fleeing/Eluding)"
"e19bfda9-26e9-418f-b505-aa04df81ba9c","***","2026-08-20T21:15:39.675Z","6","Weapons Offense (Guns/Shots Fired)"
"c53bdb91-a643-46eb-8151-9f12e72a4f63","***","2026-08-20T22:20:08.248Z","1506","Wanted Person (Arrest Warrant/Fugitive)"
"11cc1794-5ba7-4afe-8a3b-6ea340a7cf45","***","2026-08-20T22:31:46.717Z","1551","Welfare Check"
"b7b76a6d-802f-4b79-bae3-f5b628b91e99","***","2026-08-20T23:01:28.697Z","1551","Alcohol Offenses (Non-DUI)"
"24a40d58-eb81-46a2-b749-08869389b320","***","2026-08-20T23:39:38.953Z","1506","Stolen Property Offenses"
"5bbbea06-654f-451b-90cf-d3b7edd54edf","***","2026-08-21T00:29:01.459Z","1551","Weapons Offense (Guns/Shots Fired)"
"9b49bf3e-2298-429b-86bc-6b564e225204","***","2026-08-21T01:01:12.679Z","1506","Alcohol Offenses (Non-DUI)"
"84baf495-eb07-499e-8841-d99ed835d9ae","***","2026-08-21T01:36:28.421Z","1","Robbery"
"ff718a96-b9d7-4fde-b14a-1500e76e7872","***","2026-08-21T01:38:29.942Z","1551","Robbery"
"e3ccd8ff-8921-4775-9b3b-e035f1d32ce4","***","2026-08-21T02:35:21.503Z","1506","Alcohol Offenses (Non-DUI)"
"31328b16-c61e-43a6-9321-d607c2e5c433","***","2026-08-21T02:55:41.851Z","1506","Alcohol Offenses (Non-DUI)"
"addb29d6-afc3-4419-a834-b74f3dffdcea","***","2026-08-21T03:01:16.682Z","1506","Alcohol Offenses (Non-DUI)"
"787dd69b-5bd6-40a1-a207-be73d2347e7f","***","2026-08-21T03:52:40.915Z","1551","Assault/Battery Offenses"
"e8f2d728-4474-4540-82a2-56e82a9ffd42","***","2026-08-21T03:53:55.246Z","1","Assault/Battery Offenses"
"5286addd-4711-404e-8b4e-7ec207e96a78","***","2026-08-21T10:11:58.696Z","1551","Welfare Check"
"b9de1312-e5b7-4a39-851d-8d7d323ca98c","***","2026-08-21T10:22:31.984Z","245","Burglary/Breaking & Entering"
"e440b2d9-7754-4a08-a290-29e37114873d","***","2026-08-21T11:53:38.455Z","6116","Drugs/Narcotics"
"e5c059ea-205a-47d1-a24e-c531e5bbd705","***","2026-08-21T12:31:40.917Z","1","Motor Vehicle Theft/Stolen"
"0289745e-033b-4adb-a5bc-0baf9da417f0","***","2026-08-21T12:45:55.566Z","6115","Financial Crime (Embezzlement/Fraud)"
"df909c28-c9f5-40b3-ad0f-cacc4253aa2c","***","2026-08-21T12:57:30.231Z","245","Drugs/Narcotics"
"e0eddea0-f44a-479c-a0f1-1c57132c37c3","***","2026-08-21T13:03:49.340Z","245","Motor Vehicle Theft/Stolen"
"860b653b-7e62-4116-9103-40557f3525ea","***","2026-08-21T13:06:20.311Z","1551","Homicide/Death Investigation"
"1aa5e4a4-a49f-49a1-ab39-14bbf8b23bd2","***","2026-08-21T13:11:45.497Z","22","Homicide/Death Investigation"
"17fc9278-9357-44ff-81f9-715b34a8e202","***","2026-08-21T14:32:36.242Z","6115","Drugs/Narcotics"
"a8a94df2-6e28-4eff-8eba-c2e40b4f9481","***","2026-08-21T15:21:50.393Z","6114","Motor Vehicle Theft/Stolen"
"f74d7c2e-29d7-407b-a784-37855efd0443","***","2026-08-21T17:12:55.715Z","1","Motor Vehicle Theft/Stolen"
"46e59184-fcdb-4e47-bcf6-ac17ca75f85d","***","2026-08-21T17:17:13.105Z","6115","Drugs/Narcotics"
"2ee589f0-8fcd-4b83-91ca-a6e7898201e8","***","2026-08-21T17:48:56.063Z","1549","Homicide/Death Investigation"
"334115a1-98a4-4bb2-b2d2-bb46f488a7ca","***","2026-08-21T18:02:16.105Z","1548","Homicide/Death Investigation"
"2e459f0e-62a2-4d1f-b970-4f33e5fc9674","***","2026-08-21T18:21:22.739Z","6111","Drugs/Narcotics"
"d4f0cb7a-05d7-4352-b7ff-db5e76038546","***","2026-08-21T18:40:21.839Z","1547","Motor Vehicle Theft/Stolen"
"80ec591e-3f5c-42ee-8d85-bc0bd435c257","***","2026-08-21T19:41:30.698Z","1548","Sex Offenses"
"687db1b2-6056-4a21-bb62-75e5b131b97d","***","2026-08-21T21:34:32.681Z","1546","Traffic Infraction"
"d98f4d9f-24b4-4c57-86db-9f7d11f7c7d7","***","2026-08-22T03:03:55.242Z","1546","Obstructing the Police (Fleeing/Eluding)"
"53b5bc77-d2ce-4588-929e-24aeade0e10e","***","2026-08-22T03:06:46.887Z","1501","Obstructing the Police (Fleeing/Eluding)"
"70cfdc4c-9287-49c5-b3bf-8ae12e271722","***","2026-08-22T03:16:55.782Z","1546","Obstructing the Police (Fleeing/Eluding)"
"1a14445e-ef94-4f3f-b1d4-b1d4d3282dce","***","2026-08-22T06:41:14.094Z","1546","Property Recovery (Civil Enforcement)"
"864e109e-31ec-4c93-a6d1-81e4c6d6a2a9","***","2026-08-22T12:44:43.836Z","1","Motor Vehicle Theft/Stolen"
"ecb7e168-360f-4574-8fca-2498a6dd3f29","***","2026-08-22T14:30:25.239Z","1","Motor Vehicle Theft/Stolen"
"9abd0a5c-3ad2-487e-a0ee-2da13a57cb1e","***","2026-08-22T15:17:07.069Z","1","Motor Vehicle Theft/Stolen"
"d1d8d222-9b74-4795-83b4-462391777ca2","***","2026-08-22T15:35:38.400Z","245","Welfare Check"
"3db18cb7-0758-455d-9b5d-bfd5aa9f3b01","***","2026-08-22T16:01:54.181Z","245","Welfare Check"
"9fbb980e-2aca-41e2-8aea-e18c9423fd3d","***","2026-08-22T16:05:02.574Z","1546","Welfare Check"
"80da93e8-2b79-40a9-90e8-8f142f921167","***","2026-08-22T18:09:55.306Z","6108","Wanted Person (Arrest Warrant/Fugitive)"
"71eded9b-b4b6-4fd2-9fb6-2742e0bd6e06","***","2026-08-22T19:50:38.697Z","6108","Wanted Person (Arrest Warrant/Fugitive)"
"eeb43026-f37b-4668-be66-134cdb146c63","***","2026-08-22T21:02:58.577Z","1546","Assault/Battery Offenses"
"cfdc4c6a-86e1-4e72-adc9-ae9f4da3c103","***","2026-08-22T23:48:15.715Z","1545","Motor Vehicle Theft/Stolen"
"0335bf1b-822f-4843-b743-6d4308a640f9","***","2026-08-23T01:14:42.690Z","1545","Motor Vehicle Theft/Stolen"
"8d675241-3e73-49a0-919f-297fdda915fa","***","2026-08-23T02:22:44.934Z","245","Criminal Motor Vehicle Offense (incl. Road Rage/Reckless)"
"9a905327-ab2c-4b3e-8a22-1b29a2e7a047","***","2026-08-23T05:48:07.770Z","245","Motor Vehicle Theft/Stolen"
"e7f02b1a-4973-4e73-af5e-db6466017c13","***","2026-08-23T06:17:53.723Z","245","Motor Vehicle Theft/Stolen"
"1b26e982-dc11-4800-8e64-a1c85f842fc0","***","2026-08-23T10:32:16.561Z","1501","Wanted Person (Arrest Warrant/Fugitive)"
"e2b1409e-7ae4-4904-a94a-e62852176bf5","***","2026-08-23T10:33:18.513Z","1546","Wanted Person (Arrest Warrant/Fugitive)"
"6a7f3f74-a424-4b9d-9797-52843d1244cc","***","2026-08-23T12:33:21.253Z","1","Motor Vehicle Theft/Stolen"
"ebdcdbbd-98f9-414e-a15e-2009d350beda","***","2026-08-23T14:31:09.804Z","1545","Wanted Person (Arrest Warrant/Fugitive)"
"a9d291aa-f53e-4c01-be96-cbce096f99aa","***","2026-08-23T23:10:31.649Z","244","Drugs/Narcotics"
"a34ea650-6439-4a8d-b8f6-9ea41f049dc1","***","2026-08-24T00:02:59.281Z","1","Motor Vehicle Theft/Stolen"
"a280ed2e-0209-4e55-a582-2c0df5a25a9a","***","2026-08-24T00:17:21.749Z","1498","Motor Vehicle Theft/Stolen"
"f467845a-928c-4c02-9d51-ac1872c599b5","***","2026-08-24T00:22:34.252Z","1498","Motor Vehicle Theft/Stolen"
"d3c26c28-44af-48df-841c-3aa9ae33dfe3","***","2026-08-24T00:24:17.764Z","12","Obstructing the Police (Fleeing/Eluding)"
"9784ddd8-bbc5-40b4-bd19-235e4e56167b","***","2026-08-24T00:30:16.273Z","1543","Motor Vehicle Theft/Stolen"
"9fa9b74d-5770-486f-935a-ac48d67eaa54","***","2026-08-24T01:10:50.552Z","1498","Motor Vehicle Theft/Stolen"
"620d5696-67b7-4d61-89ac-c61e9b0ccd8b","***","2026-08-24T02:14:49.972Z","244","Motor Vehicle Theft/Stolen"
"66bd5636-85a7-4ce6-a957-5ed8dcd2b07a","***","2026-08-24T03:55:42.864Z","12","Obstructing the Police (Fleeing/Eluding)"
"da0a8f75-9e61-483e-85d0-fdd903ad001c","***","2026-08-24T04:03:03.835Z","1543","Obstructing the Police (Fleeing/Eluding)"
"a8def4a1-25de-468f-8d0f-1ebfd600d92c","***","2026-08-24T05:29:41.373Z","1544","Wanted Person (Arrest Warrant/Fugitive)"
"9475c162-81da-412b-9bd7-d7a4d8f4b0f7","***","2026-08-24T08:06:22.495Z","244","Missing/Endangered Person/Runaway"
"49db1a4e-bff9-4b85-a478-54908d9ee78e","***","2026-08-24T08:55:58.474Z","1499","Drugs/Narcotics"
"30f59f56-463d-4b83-89b8-bfb03c183729","***","2026-08-24T09:01:19.858Z","244","Drugs/Narcotics"
"e89774f2-57b0-461c-829b-d0423ebb5212","***","2026-08-24T10:08:11.358Z","244","Obstructing the Police (Fleeing/Eluding)"
"869fbe66-fc11-42e8-8fee-d1f111f4e964","***","2026-08-24T10:54:16.706Z","1544","Wanted Person (Arrest Warrant/Fugitive)"
"50c419f2-9b59-4a61-b069-89731df2efb2","***","2026-08-24T11:14:26.702Z","1544","Wanted Person (Arrest Warrant/Fugitive)"
"f255235d-0556-4fad-b951-ab3afc520fed","***","2026-08-24T11:34:11.887Z","104","Obstructing the Police (Fleeing/Eluding)"
"32777366-0374-4592-be84-ac3a0fed9021","***","2026-08-24T12:04:22.471Z","8","Obstructing the Police (Fleeing/Eluding)"
"4248222a-9c90-4c6a-9718-300f1b92393b","***","2026-08-24T13:17:09.968Z","1542","Obstructing Justice"
"fea20920-99aa-4d93-9ecd-d5f21b403d8d","***","2026-08-24T13:43:55.304Z","1","Motor Vehicle Theft/Stolen"
"c9de64d8-1e0f-4f61-9bcf-1ee2a0e4783c","***","2026-08-24T13:57:01.632Z","1541","Obstructing the Police (Fleeing/Eluding)"
"e6161270-2b50-407e-897d-46b683aa4ffd","***","2026-08-24T14:02:10.981Z","1541","Obstructing the Police (Fleeing/Eluding)"
"29663271-a2d0-4e43-8f58-fc58bd6f9cc3","***","2026-08-24T14:08:56.185Z","1540","Motor Vehicle Theft/Stolen"
"1a6150c9-d76e-4ba8-a8ae-42a5d5b4058e","***","2026-08-24T14:34:23.748Z","6097","Motor Vehicle Theft/Stolen"
"c0f852bd-a92d-4eb0-98b8-afdcb14a5a6a","***","2026-08-24T14:39:42.279Z","1540","Wanted Person (Arrest Warrant/Fugitive)"
"701f1cd9-a226-4448-b9a7-90adcf625444","***","2026-08-24T15:48:49.143Z","243","Stolen Property Offenses"
"7771cde5-6044-4f7a-aee7-f08315cdc085","***","2026-08-24T16:34:12.483Z","1538","Motor Vehicle Theft/Stolen"
"8997ff84-9b60-4f8d-8229-028c3519b7d5","***","2026-08-24T17:13:12.087Z","1539","Wanted Person (Arrest Warrant/Fugitive)"
"c0646e23-eb1e-41b8-8f00-3732aaa06d5c","***","2026-08-24T17:45:15.618Z","1","Motor Vehicle Theft/Stolen"
"e6efd2ff-1b25-4f49-9b7c-300f1b5b57e5","***","2026-08-24T17:46:18.017Z","6095","Motor Vehicle Theft/Stolen"
"7be3eebb-a20a-4d84-accc-3dc4a2925515","***","2026-08-24T17:48:47.447Z","1537","Motor Vehicle Theft/Stolen"
"a24e7d23-4749-4a48-b7c7-5b1e7f1dd223","***","2026-08-24T17:54:15.300Z","1537","Motor Vehicle Theft/Stolen"
"bdb81da1-0340-4d1a-a939-6225873d2350","***","2026-08-24T17:54:44.346Z","243","Obstructing the Police (Fleeing/Eluding)"
"5f2ee4c2-d902-47ab-9406-97f478c01674","***","2026-08-24T17:57:17.960Z","1538","Stolen Property Offenses"
"6d55e479-f9c9-4b76-ab8c-af8f4c932503","***","2026-08-24T17:57:43.659Z","243","Motor Vehicle Theft/Stolen"
"6cc593df-d8a8-4983-bc4f-3de8e8f70963","***","2026-08-24T18:00:02.605Z","1537","Motor Vehicle Theft/Stolen"
"6b65c89b-6a45-4516-81ae-d9b1b3a90510","***","2026-08-24T18:00:19.583Z","1538","Stolen Property Offenses"
"a7074989-bc9e-4a0f-8dd4-887c1a56db15","***","2026-08-24T18:03:39.367Z","1537","Motor Vehicle Theft/Stolen"
"4bc2a8b5-39f5-4369-b06e-41c01587ac3b","***","2026-08-24T18:04:06.628Z","243","Motor Vehicle Theft/Stolen"
"259342a8-971a-486a-acdd-ca50c3c7b48d","***","2026-08-24T18:06:51.678Z","1493","Motor Vehicle Theft/Stolen"
"2b4e061b-293e-4766-aad9-4bac6982d564","***","2026-08-24T18:29:07.703Z","1538","Larceny/Theft Offenses"
"2c3ddf0a-d6b6-48d8-be6e-ab7abaf1b4ca","***","2026-08-24T18:54:50.127Z","243","Obstructing the Police (Fleeing/Eluding)"
"e2d3d432-8411-46d3-84ea-5e24cf0e6002","***","2026-08-24T19:14:59.475Z","1537","Wanted Person (Arrest Warrant/Fugitive)"
"5446a532-6441-4db4-afba-d95d7eeca5a2","***","2026-08-24T20:01:37.556Z","1537","Wanted Person (Arrest Warrant/Fugitive)"
"79fda6d2-f009-4271-add1-bbddc59e8766","***","2026-08-24T20:02:15.107Z","1536","Alcohol Offenses (Non-DUI)"
"01b3ccc5-2e83-44f7-8595-767335082105","***","2026-08-24T20:14:27.306Z","1537","Stolen Property Offenses"
"3157dbe7-e101-4dd0-aa80-a647a53d9d4a","***","2026-08-24T20:23:01.161Z","1","Larceny/Theft Offenses"
"6d13f3d6-c718-4284-9217-437cbcf1e7eb","***","2026-08-24T20:32:26.609Z","1492","Traffic Infraction"
"bfa7e94f-ba31-4afd-a4d1-10bd192b19cc","***","2026-08-24T20:43:10.998Z","1537","Wanted Person (Arrest Warrant/Fugitive)"
"523edf96-323d-44a0-8b1c-09f9d5d1160c","***","2026-08-24T21:19:31.458Z","1492","Motor Vehicle Theft/Stolen"
"d33c0653-77e8-4c89-a164-c28cd4886443","***","2026-08-24T22:15:59.055Z","6094","Wanted Person (Arrest Warrant/Fugitive)"
"a4ff89e5-8a1d-4c2e-865d-5a06418165f7","***","2026-08-24T22:17:49.078Z","1536","Alcohol Offenses (Non-DUI)"
"5a75b0b8-bf70-4ec1-8f4d-fbcd32d5b0e9","***","2026-08-24T23:49:00.637Z","1536","Welfare Check"
"86a81544-a5ee-487d-b3c7-223c8f147c5a","***","2026-08-25T01:06:22.884Z","1537","Wanted Person (Arrest Warrant/Fugitive)"
"6f0439d4-4f5e-4f04-a397-b0366056b96b","***","2026-08-25T01:49:33.195Z","6087","Wanted Person (Arrest Warrant/Fugitive)"
"a1a2d837-57df-40ca-bad2-53974e069a5e","***","2026-08-25T02:03:31.229Z","1537","Wanted Person (Arrest Warrant/Fugitive)"
"8c135610-80d9-4921-815f-7cba2db7fd11","***","2026-08-25T02:05:08.978Z","6087","Wanted Person (Arrest Warrant/Fugitive)"
"69e71f0d-e477-481c-9ba0-29e4938afa8b","***","2026-08-25T02:30:29.567Z","1537","Wanted Person (Arrest Warrant/Fugitive)"
"1c81217c-1cfe-4ba3-b754-f52b51b49458","***","2026-08-25T02:43:03.245Z","1493","Wanted Person (Arrest Warrant/Fugitive)"
"14f88dc1-954e-4775-8488-07ac531e499c","***","2026-08-25T03:00:05.433Z","6087","Wanted Person (Arrest Warrant/Fugitive)"
"2931fbac-e770-4d49-bbd9-f31a3dba68bf","***","2026-08-25T03:25:42.859Z","1537","Wanted Person (Arrest Warrant/Fugitive)"
"75d3d38e-c63c-46b8-9a65-6ef641e41313","***","2026-08-25T03:39:11.340Z","1","Weapons Offense (Guns/Shots Fired)"
"e20c9292-ce3d-42e1-990a-7fc0f53610b2","***","2026-08-25T04:01:35.700Z","1537","Wanted Person (Arrest Warrant/Fugitive)"
"e50b8751-fbf0-4dad-ac90-ad02b28e7f10","***","2026-08-25T04:29:04.115Z","6087","Wanted Person (Arrest Warrant/Fugitive)"
"66aedabe-1748-499d-a731-550fab183e79","***","2026-08-25T04:52:01.982Z","6087","Assault/Battery Offenses"
"08062937-8c28-4c2b-a10f-3b042b8a5f49","***","2026-08-25T05:38:41.052Z","1537","Wanted Person (Arrest Warrant/Fugitive)"
"4bd5df29-ccc3-44f1-9324-6bd2a9ae56a2","***","2026-08-25T05:54:16.495Z","1492","Wanted Person (Arrest Warrant/Fugitive), Obstructing the Police (Fleeing/Eluding)"
"c0a8d1c0-4d18-453f-b4b8-50782bc9c364","***","2026-08-25T06:02:38.427Z","6087","Assault/Battery Offenses"
"384d8a56-d2bc-4a91-94a0-b67a7b97cf5c","***","2026-08-25T06:10:24.116Z","1537","Wanted Person (Arrest Warrant/Fugitive)"
"dc857cab-3dd2-4f35-8685-8197ca8f51c6","***","2026-08-25T07:39:31.515Z","6087","Assault/Battery Offenses"
"cb740e5f-f048-49cf-a91d-c2faf4e22aac","***","2026-08-25T07:49:43.412Z","6087","Wanted Person (Arrest Warrant/Fugitive)"
"80e92ed5-10c0-492f-a05d-486622538edc","***","2026-08-25T08:29:18.319Z","1493","Wanted Person (Arrest Warrant/Fugitive)"
"a81ac29c-aaf3-40e5-88b7-3bb4c4212bf7","***","2026-08-25T08:32:33.130Z","6087","Assault/Battery Offenses"
"3194b756-e870-463a-8e38-85c342281cc7","***","2026-08-25T09:19:51.746Z","1493","Wanted Person (Arrest Warrant/Fugitive)"
"002bb982-398f-444a-9ae3-592380b10f0b","***","2026-08-25T11:18:57.511Z","1493","Wanted Person (Arrest Warrant/Fugitive)"
"14e42fc3-b7a9-4aa8-9cb3-2c924e325e79","***","2026-08-25T11:38:54.305Z","1537","Wanted Person (Arrest Warrant/Fugitive)"
"852387fd-d5be-4c48-be56-93b445640631","***","2026-08-25T12:01:28.219Z","1","Hit and Run/Car Accident"
"7c94a4ab-fe3d-49f5-a166-9b7756e15f3e","***","2026-08-25T12:20:54.911Z","243","Hit and Run/Car Accident"
"75bdf8a3-73d7-44f9-bf57-49aa32f19d04","***","2026-08-25T12:23:18.097Z","1536","Hit and Run/Car Accident"
"74ee41f6-bee8-4de1-b575-176ebea6481b","***","2026-08-25T12:35:48.149Z","6083","Motor Vehicle Theft/Stolen"
"af63d9b4-7673-4ac0-bfef-bc3ec68fe747","***","2026-08-25T12:36:34.914Z","243","Wanted Person (Arrest Warrant/Fugitive)"
"e69864e7-d1fd-4668-be53-2e5c1aa9bec8","***","2026-08-25T12:54:46.255Z","1536","Hit and Run/Car Accident"
"949b9307-e900-49be-a80a-7eb90903d108","***","2026-08-25T13:01:18.587Z","1537","Wanted Person (Arrest Warrant/Fugitive)"
"6aa3f161-cd85-45cc-b09f-10c2afe11893","***","2026-08-25T13:02:32.094Z","243","Wanted Person (Arrest Warrant/Fugitive)"
"de23eb1f-4835-40b8-8ce4-6fe6f9691a79","***","2026-08-25T13:04:17.044Z","1536","Hit and Run/Car Accident"
"80008451-4cb6-41ab-b134-57f891d2b37d","***","2026-08-25T13:20:08.165Z","243","Wanted Person (Arrest Warrant/Fugitive)"
"86c579dc-4588-4e68-ba26-1aad8808d4a6","***","2026-08-25T13:41:18.318Z","1","Drugs/Narcotics"
"1b30ef13-aea7-46b5-a6af-1c97bc31e5b5","***","2026-08-25T14:00:01.138Z","1536","Hit and Run/Car Accident"
"7059390d-0078-467d-9e61-594f401f49b6","***","2026-08-25T14:23:10.044Z","1537","Wanted Person (Arrest Warrant/Fugitive)"
"05efc0ef-7dbe-4199-8651-5cac9bee6120","***","2026-08-25T14:29:18.380Z","1537","Wanted Person (Arrest Warrant/Fugitive)"
"cf85a9e4-31da-4556-9c29-421927c02491","***","2026-08-25T14:59:25.317Z","1537","Wanted Person (Arrest Warrant/Fugitive)"
"eb566c42-2ac7-435a-8a37-7929027c0219","***","2026-08-25T15:03:38.794Z","1537","Wanted Person (Arrest Warrant/Fugitive)"
"8ebec1cb-5283-45d9-883e-47078b82bf95","***","2026-08-25T15:04:37.344Z","1537","Wanted Person (Arrest Warrant/Fugitive)"
"edf1ccd0-6ada-4988-93d3-0ee8face43cf","***","2026-08-25T15:32:36.855Z","1537","Stolen Property Offenses"
"ba0fa67f-9235-40d4-acb9-60b6f1c0c998","***","2026-08-25T15:34:25.292Z","243","Wanted Person (Arrest Warrant/Fugitive)"
"803eb49c-d82e-4712-9d19-db62bcbd4462","***","2026-08-25T15:42:56.575Z","243","Motor Vehicle Theft/Stolen"
"8b4a9c2b-9573-4294-b04f-d588fa1c6792","***","2026-08-25T16:01:00.022Z","1537","Wanted Person (Arrest Warrant/Fugitive)"
"7b234b38-2b33-4ad7-ae78-18e0f717b37b","***","2026-08-25T16:01:10.906Z","1537","Wanted Person (Arrest Warrant/Fugitive)"
"0855863a-2947-43bb-b876-3fa9e3ddcf88","***","2026-08-25T16:01:41.545Z","1537","Wanted Person (Arrest Warrant/Fugitive)"
"759e0134-e346-4918-8465-dbb66cb3196e","***","2026-08-25T16:17:22.934Z","243","Motor Vehicle Theft/Stolen"
"d036589b-58e6-4731-ad35-3db03b29a229","***","2026-08-25T16:51:23.403Z","1","Sex Offenses"
"93d2341d-c1f3-425c-9252-5cf824734728","***","2026-08-25T17:19:48.948Z","1537","Wanted Person (Arrest Warrant/Fugitive)"
"ee5addae-048f-462f-bc26-e1b17213ed68","***","2026-08-25T17:37:43.141Z","6088","Wanted Person (Arrest Warrant/Fugitive)"
"aa432238-54cd-46a4-9f8b-010e96211742","***","2026-08-25T18:05:25.312Z","1537","Wanted Person (Arrest Warrant/Fugitive)"
"c82b4726-8d10-4127-aabe-e794b429fc3e","***","2026-08-25T18:08:07.179Z","6090","Wanted Person (Arrest Warrant/Fugitive)"
"021cd5a8-2a68-42d6-9137-cb850c7ec5aa","***","2026-08-25T19:13:23.070Z","6087","Wanted Person (Arrest Warrant/Fugitive)"
"0e5521cd-353a-4488-9cbf-85ec284ae291","***","2026-08-25T19:51:53.979Z","1","Wanted Person (Arrest Warrant/Fugitive)"
"860c6ac8-7722-4d3f-8efd-67a0e57af9b8","***","2026-08-25T20:44:45.720Z","1535","Wanted Person (Arrest Warrant/Fugitive)"
"aa34885f-701b-4404-9f34-fa503aafb7b5","***","2026-08-25T21:27:36.069Z","1","Drugs/Narcotics"
"37d418c3-29a9-4088-b546-b3149fb77a4b","***","2026-08-25T21:37:16.651Z","1535","Wanted Person (Arrest Warrant/Fugitive)"
"81ecf9d4-00e0-4531-ab6a-c5521b9182d3","***","2026-08-25T22:19:28.304Z","1","Wanted Person (Arrest Warrant/Fugitive)"
"528e3385-6c33-40fc-aa18-e6ebdbaaccf7","***","2026-08-25T22:43:32.226Z","1535","Wanted Person (Arrest Warrant/Fugitive)"
"a33183be-702c-47cf-8c7c-b88f326ae975","***","2026-08-25T22:51:04.441Z","1491","Weapons Offense (Guns/Shots Fired)"
"44d311fe-b257-422a-9990-a9e64b9073eb","***","2026-08-25T23:10:11.284Z","1534","Welfare Check"
"8c22b348-71fc-4dca-bcef-96b8bc58b7aa","***","2026-08-25T23:36:25.354Z","1","Wanted Person (Arrest Warrant/Fugitive)"
"65738902-9912-4b68-9c45-20e8f72cc305","***","2026-08-25T23:37:02.103Z","1","Wanted Person (Arrest Warrant/Fugitive)"
"76fa2125-9538-471e-9ede-f9a85affb026","***","2026-08-25T23:45:02.956Z","1489","Traffic Infraction"
"0a41b4ed-07d0-4ea0-a8ee-a94e56079b54","***","2026-08-26T00:24:10.490Z","6077","Alcohol Offenses (Non-DUI)"
"b85b771a-1e1e-41b2-ac8e-fa177e3d1791","***","2026-08-26T01:43:30.305Z","1","Weapons Offense (Guns/Shots Fired)"
"e2aecbae-f7a4-42f2-92cd-6c71cad61f5c","***","2026-08-26T02:07:44.202Z","1534","Welfare Check"
"d081ea6b-d097-48dd-8983-8d35e356ce7d","***","2026-08-26T02:07:48.766Z","243","Welfare Check"
"8d95ad83-75dd-4b8d-ac54-b601d55b9656","***","2026-08-26T02:18:46.990Z","243","Wanted Person (Arrest Warrant/Fugitive)"
"d5ba7d22-209b-4e6f-a88d-fee8e4dadbec","***","2026-08-26T02:31:30.884Z","1490","Alcohol Offenses (Non-DUI)"
"a8adbd74-5f86-4db9-a1eb-96b3930c9b7c","***","2026-08-26T03:14:46.355Z","1491","Obstructing the Police (Fleeing/Eluding)"
"96ab9cbe-fb76-4a92-9f00-f7674c914f97","***","2026-08-26T03:25:53.054Z","1534","Welfare Check"
"7f306374-0dfa-4111-876b-0cf26eb6a21b","***","2026-08-26T03:40:03.181Z","1491","Welfare Check"
"400e1f0d-f346-46c2-b371-0f39d2400233","***","2026-08-26T03:50:23.679Z","1","Wanted Person (Arrest Warrant/Fugitive)"
"23a42043-e22a-43d3-9f7e-df1927b2aa6f","***","2026-08-26T04:11:18.787Z","1491","Wanted Person (Arrest Warrant/Fugitive)"
"2e1329c7-6fc0-4f00-842b-d7f354b8a940","***","2026-08-26T04:11:27.560Z","1","Obstructing the Police (Fleeing/Eluding)"
"c579ef61-71c1-470b-9fff-4c258b92bb42","***","2026-08-26T04:12:57.062Z","1491","Wanted Person (Arrest Warrant/Fugitive)"
"0b7654bc-9f4f-43a3-8bf7-a4e1fa890b70","***","2026-08-26T05:05:44.662Z","6082","Wanted Person (Arrest Warrant/Fugitive)"
"7a80626a-206f-4eb5-8bc0-7bb079a1d65c","***","2026-08-26T05:44:34.956Z","243","Wanted Person (Arrest Warrant/Fugitive)"
"2c6a1c96-ba96-4f38-a02d-a261a08488d9","***","2026-08-26T05:44:49.476Z","1","Wanted Person (Arrest Warrant/Fugitive)"
"605122f7-ab71-4ad7-9580-9a597f5f6dfc","***","2026-08-26T06:13:27.280Z","1491","Motor Vehicle Theft/Stolen"
"eb95e815-f8f2-4d27-af2b-2acdcea04ccb","***","2026-08-26T07:02:12.510Z","1491","Motor Vehicle Theft/Stolen"
"a48b6fcd-1ba1-4066-996a-cff05552f69b","***","2026-08-26T09:17:40.197Z","1491","Motor Vehicle Theft/Stolen"
"bca0ed62-1ee2-4257-af94-03a2f35407af","***","2026-08-26T10:19:19.494Z","243","Obstructing the Police (Fleeing/Eluding)"
"1d8711ef-5f30-412b-b025-97795795eaf9","***","2026-08-26T11:09:58.999Z","6079","Welfare Check"
"8c5563b3-5c96-4c22-998c-774942518124","***","2026-08-26T11:14:03.850Z","1535","Wanted Person (Arrest Warrant/Fugitive)"
"22b3cf15-c097-4e22-80fe-ceec5375256c","***","2026-08-26T12:34:23.559Z","1","Robbery"
"48b3c741-442a-461e-88e6-5a5693e347f4","***","2026-08-26T12:40:19.755Z","1535","Wanted Person (Arrest Warrant/Fugitive)"
"f96ff298-1528-4b79-9303-2632b7067623","***","2026-08-26T12:46:09.460Z","243","Motor Vehicle Theft/Stolen"
"75fc5dbf-11bc-4781-85cc-38bb97850684","***","2026-08-26T12:57:08.447Z","1","Motor Vehicle Theft/Stolen"
"7fcc7774-8bc5-417c-b852-550dbf1a3220","***","2026-08-26T13:27:49.468Z","1","Motor Vehicle Theft/Stolen"
"398c0137-c6ae-4739-9581-fc0fa3c8db73","***","2026-08-26T13:40:24.654Z","243","Motor Vehicle Theft/Stolen"
"f6e9743f-ce58-4d5c-98c6-4e112ebd9cbe","***","2026-08-26T14:12:07.096Z","243","Motor Vehicle Theft/Stolen"
"96919d72-c5d8-44df-98f1-1a9c43ed43ab","***","2026-08-26T15:08:05.776Z","1490","Drugs/Narcotics"
"c4fcc2b0-c094-4a97-a57e-88cc45d9d8fd","***","2026-08-26T16:08:40.518Z","1533","Wanted Person (Arrest Warrant/Fugitive)"
"f11133f5-00f7-4e74-a09d-32d920cbf397","***","2026-08-26T16:59:05.372Z","1","Sex Offenses"
"5e3265fe-88c9-4db9-9f14-2538c92e3d47","***","2026-08-26T17:00:45.894Z","1","Sex Offenses"
"fff9d448-e9da-4409-9b59-159527cd7ca6","***","2026-08-26T17:47:46.011Z","1","Motor Vehicle Theft/Stolen"
"4a33a2a3-463e-444c-83ba-dcde0497534d","***","2026-08-26T18:06:43.107Z","1489","Wanted Person (Arrest Warrant/Fugitive)"
"8517677a-bd00-444b-86c9-7619e653f953","***","2026-08-26T19:18:44.458Z","1530","Weapons Offense (Guns/Shots Fired)"
"1fbab2ef-d84b-4aa5-8b73-a142c3346bde","***","2026-08-26T20:18:37.694Z","1527","Alcohol Offenses (Non-DUI)"
"ac8f1ad6-c123-45f7-bfe2-fe8d0595c32a","***","2026-08-26T21:19:47.539Z","1527","Alcohol Offenses (Non-DUI)"
"898894fb-d729-41be-af3f-18954cb8aca6","***","2026-08-26T22:04:16.742Z","1484","Alcohol Offenses (Non-DUI)"
"7f25b120-b23e-4163-a3ca-655124ef329c","***","2026-08-26T22:13:59.036Z","6074","Wanted Person (Arrest Warrant/Fugitive)"
"be2055fc-ed85-4e0f-a9e8-b65b4c7cc062","***","2026-08-26T22:52:09.826Z","1530","Drugs/Narcotics"
"215daa52-ddf1-42de-a593-3cec8a932757","***","2026-08-26T23:00:20.624Z","1484","Alcohol Offenses (Non-DUI)"
"73212cec-b84a-4854-b8d6-16aebd144e01","***","2026-08-27T00:05:45.494Z","1484","Alcohol Offenses (Non-DUI)"
"06f4f3b3-003b-4d7f-b3f2-5f8bef4250c0","***","2026-08-27T01:07:25.145Z","1484","Alcohol Offenses (Non-DUI)"
"6b4514a8-c37e-4223-a500-cf5743dfa41c","***","2026-08-27T02:20:22.410Z","1484","Alcohol Offenses (Non-DUI)"
"ad5357c5-747e-4854-8abf-8a350eb4656c","***","2026-08-27T03:33:53.329Z","1527","Alcohol Offenses (Non-DUI)"
"987c08b1-9fdb-43f5-9772-e22245163c56","***","2026-08-27T05:08:22.880Z","1529","Motor Vehicle Theft/Stolen"
"6a7fc467-3974-4bec-b80e-771fc87f1e83","***","2026-08-27T06:02:49.753Z","1487","Drugs/Narcotics"
"986c1083-a9dd-4395-885a-b631cc313574","***","2026-08-27T07:00:56.307Z","243","Motor Vehicle Theft/Stolen"
"453368d6-b321-425f-91fc-d7541de27480","***","2026-08-27T07:11:50.378Z","1529","Motor Vehicle Theft/Stolen"
"3aee50a4-3b30-4d86-a960-fa68e95da88b","***","2026-08-27T07:12:20.884Z","1530","Wanted Person (Arrest Warrant/Fugitive)"
"d91563a2-90e0-4591-a47f-1bbca5fb68bb","***","2026-08-27T08:01:06.850Z","243","Motor Vehicle Theft/Stolen"
"29c3f17d-1bd5-4a21-8f8b-98605b957d0a","***","2026-08-27T08:04:05.621Z","243","Wanted Person (Arrest Warrant/Fugitive)"
"bc818298-9602-42f3-b7ec-e4d9b6b487ca","***","2026-08-27T08:08:12.955Z","1530","Missing/Endangered Person/Runaway"
"fdf7f566-1c4e-42dd-ad57-6a9f4d870832","***","2026-08-27T08:12:20.818Z","1","Stolen Property Offenses"
"86d68249-dced-4608-99ce-69ddc8cdfdee","***","2026-08-27T08:28:06.721Z","1529","Motor Vehicle Theft/Stolen"
"ee7564ba-e86d-4917-89fb-66f67c90b03d","***","2026-08-27T08:38:33.357Z","1486","Motor Vehicle Theft/Stolen"
"39021abe-ba8e-48f3-92a2-4b53a877fb0a","***","2026-08-27T09:21:31.902Z","1486","Motor Vehicle Theft/Stolen"
"5ac54afe-227a-4bea-9816-03e97e777d55","***","2026-08-27T11:17:54.678Z","6069","Motor Vehicle Theft/Stolen"
"a03900d8-6859-4d19-8870-bbdffd9206af","***","2026-08-27T12:24:54.234Z","6069","Motor Vehicle Theft/Stolen"
"32193694-296a-42a2-a5b1-cadd7ab8760b","***","2026-08-27T13:00:19.292Z","243","Motor Vehicle Theft/Stolen"
"73983a39-68e5-46ed-b4b4-24fb70e14241","***","2026-08-27T13:04:44.621Z","6069","Motor Vehicle Theft/Stolen"
"ebc9f188-7602-4fc2-b457-788f863cfe82","***","2026-08-27T13:06:37.133Z","1486","Stalking"
"62508e6e-4673-4265-830e-0a7db67c5ba3","***","2026-08-27T14:33:21.141Z","1","Motor Vehicle Theft/Stolen"
"9625f0e7-ccfe-4728-a7e2-e3e0fae347bd","***","2026-08-27T14:49:02.993Z","1527","Wanted Person (Arrest Warrant/Fugitive)"
"7c5f54a7-5b89-43fe-85ad-bec792bc17dc","***","2026-08-27T15:03:43.286Z","6","Motor Vehicle Theft/Stolen"
"07ef2c79-238a-4b5e-922c-5754f459e98e","***","2026-08-27T15:05:21.712Z","1482","Sex Offenses"
"086f495a-2310-4032-8187-33c05ff02cc4","***","2026-08-27T15:23:50.128Z","1480","Alcohol Offenses (Non-DUI)"
"ecc17816-c80b-458f-8e22-58cc1b81cd6c","***","2026-08-27T16:08:12.426Z","1526","Homicide/Death Investigation"
"1db04ffa-da13-4ed2-b14a-f469e5d85711","***","2026-08-27T16:18:33.144Z","6070","Motor Vehicle Theft/Stolen"
"8eb7a43c-7288-4f15-8a6b-831484999902","***","2026-08-27T16:28:44.421Z","1480","Alcohol Offenses (Non-DUI)"
"5d846433-54c9-40cb-9813-7180ce0307f4","***","2026-08-27T17:15:54.079Z","6","Motor Vehicle Theft/Stolen"
"e05a6124-bdb1-44ab-b238-4789a7bd3b6b","***","2026-08-27T17:25:53.455Z","1","Robbery"
"94c5b430-1414-44c0-9f7c-1c493ae619f6","***","2026-08-27T17:30:28.109Z","1480","Alcohol Offenses (Non-DUI)"
"e95e1095-0d0e-44bc-bb39-f3cb3a036b60","***","2026-08-27T17:31:03.654Z","1","Wanted Person (Arrest Warrant/Fugitive)"
"ec3c5dc5-6651-44a3-997d-332e3f91b031","***","2026-08-27T18:17:30.360Z","1526","Homicide/Death Investigation"
"c48acc22-8ea0-4f7e-86df-7d81fa3c152e","***","2026-08-27T18:45:21.801Z","1524","Sex Offenses"
"5b2cfbdd-052c-4131-af92-dcfce4713cb5","***","2026-08-27T18:56:08.509Z","1479","Alcohol Offenses (Non-DUI)"
"6fa8be4d-c200-4920-ab20-ef4068188e3f","***","2026-08-27T19:11:41.146Z","1","Welfare Check"
"7a1ca260-83ad-4ee2-8a3a-4402601820b8","***","2026-08-27T19:18:44.598Z","1478","Traffic Infraction"
"dd1c1e62-07df-4698-830d-9c1786208d4b","***","2026-08-27T19:19:14.204Z","1","Homicide/Death Investigation"
"c97339c1-18d9-42d7-81e3-251b72143559","***","2026-08-27T19:29:36.168Z","6067","Motor Vehicle Theft/Stolen"
"bc5bfe1e-a14b-4950-b0b0-e02351542931","***","2026-08-27T19:34:18.887Z","1479","Alcohol Offenses (Non-DUI)"
"57262c1b-7a33-4b93-bf0a-89dfe050b23e","***","2026-08-27T19:47:54.293Z","1525","Wanted Person (Arrest Warrant/Fugitive)"
"e42e9f3c-7d11-4617-a5c5-9d94c853a9f0","***","2026-08-27T20:10:00.904Z","1479","Alcohol Offenses (Non-DUI)"
"6ae5dfce-6bf9-4757-918e-7d2e25336e5e","***","2026-08-27T21:22:33.249Z","18","Wanted Person (Arrest Warrant/Fugitive)"
"626dba5c-e93b-4ca8-b26d-39971eb8c56b","***","2026-08-27T22:00:28.353Z","1525","Wanted Person (Arrest Warrant/Fugitive)"
"116e32d5-1b52-41ca-aa9d-ad8e4d4d773f","***","2026-08-27T22:51:11.187Z","1525","Wanted Person (Arrest Warrant/Fugitive)"
"195a8957-bb92-4fb7-b015-626c92061f0c","***","2026-08-27T22:58:16.210Z","242","Obstructing the Police (Fleeing/Eluding)"
"8d148bfc-95b7-46f9-bd4f-8a3ab34c5385","***","2026-08-27T23:03:15.205Z","1525","Wanted Person (Arrest Warrant/Fugitive)"
"edd41381-d953-4413-bc7c-d3ee2d99cd6a","***","2026-08-27T23:08:35.243Z","1525","Wanted Person (Arrest Warrant/Fugitive)"
"f8b08c06-c312-4930-b8d5-3eacd9c99930","***","2026-08-27T23:55:00.971Z","1479","Alcohol Offenses (Non-DUI)"
"c4006b3f-335a-49cc-8d27-9ce66c5a1d00","***","2026-08-27T23:57:07.220Z","242","Drugs/Narcotics"
"21220344-3881-4c10-8741-1f219a74dcb9","***","2026-08-28T00:00:32.235Z","1523","Welfare Check"
"9cbbe9bd-e081-426f-8219-525e3c5dbda4","***","2026-08-28T00:03:09.066Z","1479","Alcohol Offenses (Non-DUI)"
"3a2eca30-fae5-420a-8830-b44181de305f","***","2026-08-28T00:08:38.701Z","1525","Wanted Person (Arrest Warrant/Fugitive)"
"a41d9aac-ba30-4ed9-9466-95ca73547a91","***","2026-08-28T00:10:15.458Z","1524","Motor Vehicle Theft/Stolen"
"df7dd7be-cb7c-463b-9183-fe1226645ead","***","2026-08-28T03:03:04.927Z","1524","Wanted Person (Arrest Warrant/Fugitive)"
"49ceeb2f-b3e6-4657-890d-cb5218133787","***","2026-08-28T04:11:10.079Z","1524","Wanted Person (Arrest Warrant/Fugitive)"
"adabb092-feb6-47d8-ab8a-a07adfadcc08","***","2026-08-28T06:36:12.709Z","1524","Drugs/Narcotics"
"0683f4e2-4dd7-4530-a6c0-815d75cc7bcf","***","2026-08-28T06:57:10.734Z","1","Motor Vehicle Theft/Stolen"
"568f820b-ba96-4f47-87b4-9a1eb40de827","***","2026-08-28T08:44:52.349Z","1522","Welfare Check"
"0d2eb00d-4b93-4aaa-a1b7-b57c51bcd6fe","***","2026-08-28T08:49:29.825Z","242","Drugs/Narcotics"
"0dfc577e-b266-4420-b0c3-dad4f109d87e","***","2026-08-28T09:00:11.323Z","1524","Wanted Person (Arrest Warrant/Fugitive)"
"4a450d49-2033-4152-b2b0-6011c303ffd7","***","2026-08-28T11:32:51.626Z","1521","Criminal Motor Vehicle Offense (incl. Road Rage/Reckless)"
"34b480e8-b2b3-48cf-9f70-4e25b39315e1","***","2026-08-28T11:51:43.266Z","6061","Motor Vehicle Theft/Stolen"
"5732a687-c469-4eaa-affb-1c1c8ea174fa","***","2026-08-28T12:57:31.339Z","242","Motor Vehicle Theft/Stolen"
"d08c135d-f340-48c1-8bde-7db5f93125ee","***","2026-08-28T13:10:10.396Z","6056","Welfare Check"
"d7fa0aba-ce42-4ab7-a80d-52e05bf42cab","***","2026-08-28T13:20:14.440Z","242","Motor Vehicle Theft/Stolen"
"5a340eeb-6946-4660-b623-43ca37601945","***","2026-08-28T13:33:46.345Z","1","Assault/Battery Offenses"
"926a63d9-a769-4cce-96b4-bab8c6d2435d","***","2026-08-28T13:42:14.397Z","1","Larceny/Theft Offenses"
"867fb44f-e3dd-4d7b-a87f-62754ee984a7","***","2026-08-28T14:23:46.833Z","242","Motor Vehicle Theft/Stolen"
"6f8922f6-cbd1-4077-b6ed-121f824f0187","***","2026-08-28T14:33:20.579Z","1518","Traffic Infraction"
"5767604d-da57-4203-89e9-2167aaf1d18d","***","2026-08-28T15:27:33.831Z","1518","Criminal Motor Vehicle Offense (incl. Road Rage/Reckless)"
"1fed41c9-f877-4ec3-85b4-8654796824eb","***","2026-08-28T15:32:20.148Z","6055","Welfare Check"
"f0cad8b3-dbb5-4e31-8991-9c884099d25a","***","2026-08-28T15:42:20.911Z","1520","Welfare Check"
"eb1c65d5-2218-4418-806c-5592414fcd1b","***","2026-08-28T15:57:30.668Z","1521","Stalking"
"a076ef67-a5e4-4134-9e7c-6f7a584e857a","***","2026-08-28T15:59:37.619Z","1522","Wanted Person (Arrest Warrant/Fugitive)"
"e6827995-2778-4950-8fdd-5cb895ba800a","***","2026-08-28T16:00:11.618Z","6061","Wanted Person (Arrest Warrant/Fugitive)"
"d7f9d4b0-c01e-44cd-b049-f485fca29c50","***","2026-08-28T16:39:12.708Z","1521","Missing/Endangered Person/Runaway"
"da3c7fad-d460-411b-82e9-ab11d89dd1de","***","2026-08-28T17:04:41.577Z","1477","Motor Vehicle Theft/Stolen"
"75a34e72-8a5d-4239-8472-15197a86d028","***","2026-08-28T17:04:52.424Z","1","Motor Vehicle Theft/Stolen"
"8ae52a6d-a177-4859-967c-69d6561e2336","***","2026-08-28T17:05:08.615Z","1519","Motor Vehicle Theft/Stolen"
"67f3f142-8c89-4910-966d-32819ce68ef8","***","2026-08-28T17:05:18.219Z","1478","Stolen Property Offenses"
"70312993-c401-490e-90f7-7294c5fca735","***","2026-08-28T17:05:42.800Z","1519","Motor Vehicle Theft/Stolen"
"23acb71c-c57c-4328-bbd4-11e4105f8515","***","2026-08-28T17:11:17.437Z","1","Human Trafficking"
"4fb4a2ee-a0af-4acb-b687-6971441f8f20","***","2026-08-28T18:10:05.167Z","1520","Wanted Person (Arrest Warrant/Fugitive)"
"2c24b91f-fa9e-4af9-b6a8-82da21eb1c3f","***","2026-08-28T19:12:40.153Z","242","Drugs/Narcotics"
"20aad36d-8a3a-46dd-8ce1-d6ada5ee05b5","***","2026-08-28T19:13:11.186Z","1","Obstructing the Police (Fleeing/Eluding)"
"aedbd2bc-0280-47d0-83d7-af8241a29391","***","2026-08-28T19:15:32.115Z","1477","Motor Vehicle Theft/Stolen"
"0f12e4bc-cc50-465f-bfa1-ec1b79424b5b","***","2026-08-28T19:15:35.487Z","1519","Motor Vehicle Theft/Stolen"
"6602b5ac-87d4-4987-855e-84396c220d9d","***","2026-08-28T19:16:55.207Z","1519","Motor Vehicle Theft/Stolen"
"b995d9a4-3af8-46c6-8139-d9830bc951cf","***","2026-08-28T19:18:33.615Z","1478","Motor Vehicle Theft/Stolen"
"ba0fbb05-9636-4243-8326-29b6d0727bfb","***","2026-08-28T19:21:47.331Z","1478","Stolen Property Offenses"
"3f1fc9ae-8514-40ea-a698-1b051fd1ccd8","***","2026-08-28T19:27:58.973Z","1479","Drugs/Narcotics"
"535a02ac-513a-4638-9000-ee643571a542","***","2026-08-28T19:32:58.374Z","242","Motor Vehicle Theft/Stolen"
"5c7d0c7e-44d8-40d7-bb70-24a04059ef78","***","2026-08-28T20:00:06.643Z","1477","Motor Vehicle Theft/Stolen"
"7747a28b-71c6-4884-8046-722436d3b1a8","***","2026-08-28T20:01:18.057Z","1519","Motor Vehicle Theft/Stolen"
"7507128a-9640-4584-a6dd-5e3350e2af42","***","2026-08-28T20:05:23.607Z","1","Motor Vehicle Theft/Stolen"
"9b888471-1ec2-4a96-8e2c-635425aac3eb","***","2026-08-28T20:07:52.687Z","1519","Motor Vehicle Theft/Stolen"
"e4d0c25f-1ec9-414f-a55e-d809f2e31b88","***","2026-08-28T20:18:40.553Z","1479","Stolen Property Offenses"
"57dbb226-6b81-4fbb-add5-38f3f7c5b0f6","***","2026-08-28T20:52:39.917Z","1518","Obstructing the Police (Fleeing/Eluding)"
"a6a247fa-494e-4382-aafb-04c2ba48a502","***","2026-08-28T21:23:30.002Z","1478","Motor Vehicle Theft/Stolen"
"1ed2df49-3870-44e6-83df-35982849898b","***","2026-08-28T22:31:11.243Z","1479","Weapons Offense (Guns/Shots Fired)"
"1a1e76ac-07c2-44cb-a588-3aecff855661","***","2026-08-28T23:46:04.875Z","1479","Weapons Offense (Guns/Shots Fired)"
"1564b5e8-9eed-4668-af0c-f9ac1cba2cec","***","2026-08-28T23:46:54.866Z","1520","Wanted Person (Arrest Warrant/Fugitive)"
"b83f0ba3-4ca4-413d-be1c-ac788ef061b9","***","2026-08-29T00:15:58.357Z","1520","Stolen Property Offenses"
"54152c4e-eee8-4394-82a3-de0a1ab6bc2e","***","2026-08-29T01:34:05.627Z","1519","Motor Vehicle Theft/Stolen"
"b82ba506-d34a-4262-8ce0-321d86805b5f","***","2026-08-29T03:45:14.593Z","6","Hit and Run/Car Accident"
"f9a0e363-dc64-48bc-9c58-efccfb208f20","***","2026-08-29T04:20:36.449Z","1479","Assault/Battery Offenses (Domestic)"
"c55f7d16-4697-4793-9fd4-02251fd01169","***","2026-08-29T04:20:51.415Z","1520","Wanted Person (Arrest Warrant/Fugitive)"
"0b1c115e-0292-44d2-8504-d80828b2a341","***","2026-08-29T04:32:15.422Z","1479","Wanted Person (Arrest Warrant/Fugitive)"
"7de68af1-4d5f-4ef0-b8a6-65d2212c9e7e","***","2026-08-29T04:33:04.780Z","1479","Wanted Person (Arrest Warrant/Fugitive)"
"716f42d9-04d6-4482-9080-3b495ece3d77","***","2026-08-29T07:52:43.323Z","1479","Wanted Person (Arrest Warrant/Fugitive)"
"901d3e05-f320-4df9-ae6f-4f3cdf4038c1","***","2026-08-29T11:41:43.548Z","1477","Motor Vehicle Theft/Stolen"
"982c4cea-77db-4713-ba05-a36a6e57c578","***","2026-08-29T12:44:28.717Z","1477","Motor Vehicle Theft/Stolen"
"71b41dbb-529e-41da-9ecc-fa9efc940c58","***","2026-08-29T13:09:26.192Z","1520","Wanted Person (Arrest Warrant/Fugitive)"
"ef14ecc1-fafa-4e3c-a044-053652674a79","***","2026-08-29T13:13:11.762Z","1519","Motor Vehicle Theft/Stolen"
"208ba216-e00c-4df8-ade3-1ca21eae034f","***","2026-08-29T14:00:37.194Z","1520","Wanted Person (Arrest Warrant/Fugitive)"
"1d88b603-333e-438c-9db1-7d4cf69d8f65","***","2026-08-29T15:28:24.408Z","1520","Wanted Person (Arrest Warrant/Fugitive)"
"c37f3342-c38d-4fd5-a20c-664d592bc872","***","2026-08-29T15:30:35.310Z","1478","Wanted Person (Arrest Warrant/Fugitive)"
"8805525c-c4b6-4433-af57-5f66db1c4754","***","2026-08-29T15:31:51.499Z","242","Counterfeiting/Forgery"
"b8a288a5-d647-409b-901d-403be89cde2e","***","2026-08-29T15:37:20.712Z","1478","Wanted Person (Arrest Warrant/Fugitive)"
"308b8e0b-b6e7-4c2f-ab19-6eb09012c31b","***","2026-08-29T15:40:51.533Z","6","Motor Vehicle Theft/Stolen"
"37fba554-8950-483a-8601-7c1907a457f9","***","2026-08-29T15:47:26.024Z","1477","Obstructing the Police (Fleeing/Eluding)"
"5ca31f0f-49ed-4f10-86b7-09435a4caae2","***","2026-08-29T16:11:36.948Z","1478","Wanted Person (Arrest Warrant/Fugitive)"
"da13ce08-87d4-4192-80e0-143244dd15e0","***","2026-08-29T16:12:55.604Z","1479","Robbery"
"e78857ae-6210-4986-bc5d-98d33681a2fd","***","2026-08-29T16:13:01.441Z","1520","Wanted Person (Arrest Warrant/Fugitive)"
"06d66d7d-de12-447c-8076-94cab33ad6c6","***","2026-08-29T16:13:04.333Z","1478","Wanted Person (Arrest Warrant/Fugitive), Robbery"
"62a6aefc-6fad-4e2e-b42b-15214439678c","***","2026-08-29T16:13:25.825Z","242","Weapons Offense (Guns/Shots Fired)"
"5ab4eea3-96b2-468d-9c08-74d7d30929d0","***","2026-08-29T16:13:35.809Z","1520","Robbery"
"2fc2994f-08fa-4f4c-80d4-88928387752e","***","2026-08-29T16:14:06.430Z","1520","Robbery"
"2295658f-8d99-4332-b3cd-fc2f70a683be","***","2026-08-29T16:14:37.075Z","1520","Robbery"
"9a607540-27a7-4707-82dc-93374bb283f0","***","2026-08-29T16:15:13.053Z","1519","Assault/Battery Offenses"
"0148dc8a-8a49-4789-a582-8824717722e5","***","2026-08-29T16:15:56.343Z","1479","Robbery"
"aeefcebb-466d-49c1-ab0b-229d78668b8e","***","2026-08-29T16:18:12.395Z","1478","Stolen Property Offenses, Robbery"
"29a38ba7-a3f8-4da0-b19a-55459c781584","***","2026-08-29T16:21:52.515Z","1479","Wanted Person (Arrest Warrant/Fugitive)"
"211fd0e2-5d36-4db1-b09e-e39a08b1059e","***","2026-08-29T16:22:09.608Z","1479","Wanted Person (Arrest Warrant/Fugitive)"
"a10d4ea8-8171-4a2e-9d6c-c5a69d05139e","***","2026-08-29T16:30:37.121Z","1520","Robbery"
"2f69fb9f-f5b9-4aa8-8acf-327dab82897c","***","2026-08-29T16:44:15.712Z","1520","Wanted Person (Arrest Warrant/Fugitive)"
"63708976-63ba-46be-aa02-8af89fd57bb6","***","2026-08-29T16:45:12.650Z","1479","Robbery"
"0ed84fc2-ddb5-40f0-9ece-880ad5c4dda2","***","2026-08-29T16:52:35.710Z","242","Robbery"
"82b49511-886e-4cbe-b776-857847a8f05c","***","2026-08-29T17:00:46.488Z","242","Robbery"
"639e53d2-0522-450b-badf-fe4208204d5a","***","2026-08-29T17:01:45.522Z","1520","Robbery"
"8687931c-68d6-40d2-826d-366a9b46c3f9","***","2026-08-29T17:01:46.445Z","1520","Weapons Offense (Guns/Shots Fired)"
"e4e8f561-d098-44ed-8d28-ebc5729d435d","***","2026-08-29T17:01:53.261Z","1479","Wanted Person (Arrest Warrant/Fugitive), Robbery"
"89d5c6ce-a481-43ed-bf8d-780ea7478f4b","***","2026-08-29T17:08:01.146Z","1477","Obstructing the Police (Fleeing/Eluding)"
"0e38e323-d128-48fd-bf02-454b883d4667","***","2026-08-29T17:14:04.733Z","1520","Robbery"
"9a9ce615-98d8-4b0a-b0c3-1991c5a5f5e6","***","2026-08-29T17:28:23.372Z","1","Wanted Person (Arrest Warrant/Fugitive)"
"cdf0278c-c1e2-472c-bb76-c678a10f02b9","***","2026-08-29T17:28:38.224Z","1479","Robbery"
"03dc513a-5e04-42c1-a43f-aeeefa1e1f28","***","2026-08-29T18:02:20.546Z","1520","Robbery"
"841908a2-0bfa-4022-9b94-e83ed9c58b86","***","2026-08-29T18:13:13.705Z","1520","Weapons Offense (Guns/Shots Fired)"
"fea65747-ddb5-4bcb-ac13-cc45b1d39e9e","***","2026-08-29T18:30:46.295Z","1","Wanted Person (Arrest Warrant/Fugitive)"
"eef43046-baaa-4248-913a-16d5995eba6b","***","2026-08-29T18:31:10.261Z","1479","Wanted Person (Arrest Warrant/Fugitive), Robbery"
"6f17dde7-4a4c-48da-96e3-b431e481e9ec","***","2026-08-29T18:58:58.585Z","6","Welfare Check"
"1082c959-3560-4a80-98f0-3d8e019e56d3","***","2026-08-29T19:05:08.382Z","1519","Assault/Battery Offenses"
"b58a3809-6d2b-4f74-a10b-6be80a62fe67","***","2026-08-29T19:26:22.938Z","242","Weapons Offense (Guns/Shots Fired)"
"76c7379f-2861-4386-886a-2c53760c3df3","***","2026-08-29T19:39:26.689Z","1478","Wanted Person (Arrest Warrant/Fugitive), Robbery"
"f60b88d1-3173-46c0-a696-e4573b975914","***","2026-08-29T19:56:44.317Z","1","Motor Vehicle Theft/Stolen"
"123d0afe-d2a5-4f22-ab75-7b2f4be0c08a","***","2026-08-29T20:02:11.742Z","1","Wanted Person (Arrest Warrant/Fugitive)"
"842b792e-e640-4ae3-97b6-94fd4e5555de","***","2026-08-29T21:15:45.537Z","242","Weapons Offense (Guns/Shots Fired)"
"b1bce628-6e51-4440-bf8e-3147e26946c2","***","2026-08-29T22:33:44.089Z","1479","Wanted Person (Arrest Warrant/Fugitive)"
"e92f77c8-babd-4e06-84c2-0166cc9054c2","***","2026-08-29T22:38:15.933Z","1520","Wanted Person (Arrest Warrant/Fugitive)"
"8b72925d-3c18-4c92-9404-4a7da09d071b","***","2026-08-29T22:58:29.951Z","1520","Burglary/Breaking & Entering"
"7de9f719-fdb8-4614-ac34-0fa80e4695f3","***","2026-08-30T00:10:31.937Z","1","Assault/Battery Offenses"
"b2de04da-5371-41c1-b32b-bf2f59df3783","***","2026-08-30T00:16:08.816Z","1478","Motor Vehicle Theft/Stolen"
"1f1fbec6-7d7f-4c6f-93e9-e09b60417582","***","2026-08-30T00:16:59.584Z","1478","Motor Vehicle Theft/Stolen"
"ae72609d-7982-4a03-9830-0fcd1e3c9061","***","2026-08-30T01:01:39.925Z","1519","Motor Vehicle Theft/Stolen"
"3da94b18-3332-486f-b1ca-6653ce8fa634","***","2026-08-30T01:06:54.207Z","1478","Motor Vehicle Theft/Stolen"
"59112351-0b34-4733-9a03-cdd4fb17fa55","***","2026-08-30T01:09:41.583Z","1","Wanted Person (Arrest Warrant/Fugitive)"
"55af1387-8f91-48d3-a2c5-7d6a6ec2edca","***","2026-08-30T04:14:10.681Z","1478","Motor Vehicle Theft/Stolen"
"1cb1d55c-e14d-4597-a96f-3173f6cb9ef1","***","2026-08-30T10:01:46.046Z","1479","Wanted Person (Arrest Warrant/Fugitive)"
"a8025eb1-878f-4c0d-bfc2-7ade1fe7fa97","***","2026-08-30T11:41:04.228Z","1519","Motor Vehicle Theft/Stolen"
"0df72c17-362e-47b9-9e5a-499e65e73fa0","***","2026-08-30T11:46:39.581Z","1","Motor Vehicle Theft/Stolen"
"ec7b28cc-7d3c-4ebb-a066-84d66511b58f","***","2026-08-30T11:50:12.436Z","1","Motor Vehicle Theft/Stolen"
"bd2b12db-1aeb-4ff4-a3d0-f554d9e8b6fd","***","2026-08-30T12:10:54.825Z","1519","Motor Vehicle Theft/Stolen"
"e9a27f55-2c50-4cab-8be9-e8338592d65d","***","2026-08-30T12:34:59.092Z","1","Assault/Battery Offenses (Domestic)"
"6ead578b-4211-4c31-86c4-23da9068e420","***","2026-08-30T13:53:41.201Z","1519","Motor Vehicle Theft/Stolen"
"ddb8f8d6-dce2-4da7-a0ad-fa2ef5d57174","***","2026-08-30T14:56:07.385Z","1520","Robbery"
"c6a3cce5-c890-410c-beba-84a0023dc93c","***","2026-08-30T15:39:47.360Z","1519","Motor Vehicle Theft/Stolen"
"2ae430bd-27c2-411b-8fdd-e8924d272d0a","***","2026-08-30T15:41:19.797Z","1520","Wanted Person (Arrest Warrant/Fugitive)"
"10249b5b-8474-494d-9c7c-0ade84fc7a00","***","2026-08-30T15:52:18.124Z","1479","Wanted Person (Arrest Warrant/Fugitive)"
"39fb8a75-bafa-48f3-9dfc-93bc19639b4e","***","2026-08-30T16:00:37.095Z","1519","Motor Vehicle Theft/Stolen"
"fad6eeea-dbff-43f4-b579-191911cb99ce","***","2026-08-30T16:00:55.413Z","1","Motor Vehicle Theft/Stolen"
"19182029-c41e-4619-99d2-55d73d41e374","***","2026-08-30T16:01:38.514Z","1519","Motor Vehicle Theft/Stolen"
"9a6fbc7c-2e86-45f7-8f8b-6eba8aaa10c3","***","2026-08-30T16:01:42.586Z","1519","Motor Vehicle Theft/Stolen"
"20e5e239-5547-4f4a-a15e-f3c0f06d5f98","***","2026-08-30T16:04:52.404Z","1519","Motor Vehicle Theft/Stolen"
"b852b95d-7e85-416a-bf75-0585d5b68cb2","***","2026-08-30T16:06:44.477Z","242","Motor Vehicle Theft/Stolen"
"3e0567af-b0f9-4e79-8587-afe6f2a50643","***","2026-08-30T17:53:38.936Z","1520","Weapons Offense (Guns/Shots Fired)"
"3de0c4bf-00af-4500-9485-68b6bf5da930","***","2026-08-30T18:17:28.486Z","1520","Weapons Offense (Guns/Shots Fired)"
"500fbd2f-e551-442a-b120-ee0823003e1d","***","2026-08-30T19:55:56.966Z","1478","Motor Vehicle Theft/Stolen"
"1dd03314-e962-4f68-b88c-36bd4c1ab578","***","2026-08-30T20:00:16.620Z","1478","Motor Vehicle Theft/Stolen"
"c6f2d2c4-0fc8-45f1-a243-ec3a882f09db","***","2026-08-30T20:39:19.121Z","1","Hit and Run/Car Accident"
"230ed166-d15a-4019-9f98-61c3f77f2d7a","***","2026-08-30T21:53:34.598Z","1519","Sex Offenses"
"b486a5e3-02f2-4fa8-8d2e-e1314b2ce99b","***","2026-08-30T22:01:04.426Z","1519","Sex Offenses"
"53dc5907-7200-4565-bda0-459b23a899d8","***","2026-08-30T23:11:09.756Z","1518","Assault/Battery Offenses, Assault/Battery Offenses (Domestic)"
"83f5fd4a-2549-4ef0-a8ee-c05bb85830bc","***","2026-08-30T23:13:17.486Z","1","Wanted Person (Arrest Warrant/Fugitive)"
"d48edc36-5ee3-4f24-9df4-316cb921e0e9","***","2026-08-31T00:02:21.224Z","6049","Wanted Person (Arrest Warrant/Fugitive)"
"ad253c0a-d00b-46dd-b236-2eefc28e60fc","***","2026-08-31T00:02:49.166Z","1478","Homicide/Death Investigation"
"abfc0e55-05f3-456d-8cec-366ccaf12289","***","2026-08-31T01:11:42.207Z","1","Motor Vehicle Theft/Stolen"
"9a233709-96ef-4385-b4db-b2498415da16","***","2026-08-31T03:17:06.792Z","6049","Wanted Person (Arrest Warrant/Fugitive)"
"735a939f-e8fa-451a-9428-69b5bb5ea1cd","***","2026-08-31T04:52:17.958Z","1","Homicide/Death Investigation"
"21ab5814-b353-45a8-bb51-59b2cc53c117","***","2026-08-31T09:22:23.816Z","1","Homicide/Death Investigation"
"28498e14-249c-4aa6-bf20-0089d40f266f","***","2026-08-31T10:59:21.959Z","1477","Assault/Battery Offenses"
"d4e5b197-1f62-4655-91c6-20ae881129da","***","2026-08-31T11:00:01.868Z","1477","Assault/Battery Offenses"
"bcec09d3-d32b-4120-980f-89ced9dce6c5","***","2026-08-31T11:40:04.341Z","1518","Sex Offenses"
"eac20c29-3625-43a1-a4f3-43116de542d7","***","2026-08-31T12:17:50.400Z","1","Homicide/Death Investigation"
"770c8265-10bf-4076-9210-780d6a769edd","***","2026-08-31T12:22:13.742Z","1478","Homicide/Death Investigation"
"970c53ba-8017-4112-9837-0ebd085d4997","***","2026-08-31T12:25:15.532Z","1478","Homicide/Death Investigation"
"885bb3c8-3d44-48eb-aa2d-9e470db7cbc3","***","2026-08-31T12:36:53.510Z","242","Stolen Property Offenses"
"809eb494-4b42-417d-96de-29fd23a4d755","***","2026-08-31T12:38:11.208Z","242","Larceny/Theft Offenses"
"20ea4b53-12c8-4b1a-8042-d03b74b54ac3","***","2026-08-31T13:11:28.697Z","1","Homicide/Death Investigation"
"d78a5b28-5393-4aaa-8680-78fcf703a223","***","2026-08-31T13:14:11.723Z","1519","Stolen Property Offenses"
"c5f7c887-dfed-4236-9ca7-08359be2ecf1","***","2026-08-31T14:11:00.758Z","242","Stolen Property Offenses"
"ef55d6bb-a296-40f8-8ba8-f953652eaa33","***","2026-08-31T14:40:42.306Z","1","Motor Vehicle Theft/Stolen"
"e2545f1b-758d-4aa7-8843-c960dc0a4978","***","2026-08-31T14:57:44.668Z","242","Missing/Endangered Person/Runaway"
"309a4691-4a6f-494b-b403-c12302f29a88","***","2026-08-31T15:02:02.947Z","1","Stolen Property Offenses"
"5ae24158-a3f5-4c3a-a624-a9cce6d388e9","***","2026-08-31T15:23:45.156Z","18","Drugs/Narcotics"
"83b2c24f-1c07-45bb-8fdb-46fe77cbb441","***","2026-08-31T15:49:49.819Z","1","Disorderly Conduct/Disturbance"
"0c808833-27ce-4626-8b76-8413032f4beb","***","2026-08-31T16:56:36.642Z","1","Hit and Run/Car Accident"
"5e03db93-9a0b-4c87-869d-e6daad10c643","***","2026-08-31T19:28:51.551Z","6038","Homicide/Death Investigation"
"66c45eb4-b60e-4451-84db-45605c62f815","***","2026-08-31T19:35:22.077Z","1506","Obstructing the Police (Fleeing/Eluding)"
"63ef0a06-a6b6-4578-9359-a190ab499a3f","***","2026-08-31T19:43:36.514Z","1508","Missing/Endangered Person/Runaway"
"5f8826f0-e13a-43fd-b4e6-f00c0b0fe61d","***","2026-08-31T19:49:45.306Z","1","Obstructing the Police (Fleeing/Eluding)"
"04334ef8-7c79-475c-b59f-ad86f6c103e3","***","2026-08-31T20:00:56.501Z","1504","Missing/Endangered Person/Runaway"
"509d97cd-53f0-4f37-a365-8985eaf65e0e","***","2026-08-31T22:15:28.224Z","6020","Alcohol Offenses (Non-DUI)"
"bc9f7283-d815-4afa-9dfc-8203a8e1358b","***","2026-08-31T22:21:05.046Z","1502","Wanted Person (Arrest Warrant/Fugitive)"
"7c6e2c64-4712-4710-8677-44953e532b54","***","2026-08-31T22:58:01.102Z","1458","Alcohol Offenses (Non-DUI)"
"7be92365-5d47-4855-85d4-8d97a3bf2d1e","***","2026-08-31T23:49:53.010Z","1456","Alcohol Offenses (Non-DUI)"
"f4d6511d-80ce-4a0d-bd8d-1fbd71f69956","***","2026-09-01T00:17:09.164Z","1456","Alcohol Offenses (Non-DUI)"
"a1559812-6097-42b1-b2e9-1a3837cac3d0","***","2026-09-01T00:38:37.438Z","1456","Alcohol Offenses (Non-DUI)"
"7069143b-1ff8-4541-abe3-66f8fd75ee4f","***","2026-09-01T02:30:27.409Z","6015","Alcohol Offenses (Non-DUI)"
"8ce6764d-c413-4e43-8c8b-72ec2a936297","***","2026-09-01T03:59:15.615Z","1499","Motor Vehicle Theft/Stolen"
"dde7778f-09f7-48a8-ad3e-83d4b18b20f6","***","2026-09-01T04:00:04.695Z","1499","Motor Vehicle Theft/Stolen"
"fb58ca21-2cf4-460b-a8ae-e49d0cb88366","***","2026-09-01T04:02:44.775Z","1499","Motor Vehicle Theft/Stolen"
"db9448ee-ca35-4fbc-a6b0-6fe08a9bf32a","***","2026-09-01T04:03:01.489Z","1458","Motor Vehicle Theft/Stolen"
"5aa7c55d-8329-4ee7-8f63-b0bb835f5f01","***","2026-09-01T04:05:09.668Z","242","Motor Vehicle Theft/Stolen"
"f27a10a7-d6de-48a6-815d-dab89b723d62","***","2026-09-01T04:06:26.274Z","6023","Motor Vehicle Theft/Stolen"
"676033f5-ec62-4544-94b0-3a9471b1fb90","***","2026-09-01T04:19:06.448Z","1456","Alcohol Offenses (Non-DUI)"
"d2840b6b-1000-4228-9c80-5b8149a37e97","***","2026-09-01T04:23:32.915Z","1499","Motor Vehicle Theft/Stolen"
"c648d74f-107e-47ad-9091-8d50152eb0bf","***","2026-09-01T04:28:00.251Z","1500","Wanted Person (Arrest Warrant/Fugitive)"
"13f67f91-69b8-4212-a1cc-4aded0c4f10a","***","2026-09-01T07:01:27.981Z","1499","Motor Vehicle Theft/Stolen"
"bbcde5a6-5222-476d-b65d-065a91aa4114","***","2026-09-01T08:05:10.666Z","1500","Assault/Battery Offenses (Domestic)"
"d9d2c73e-9237-4597-a0a0-d3fa93cceeb3","***","2026-09-01T08:06:00.700Z","1","Motor Vehicle Theft/Stolen"
"8c1c15f2-5512-4f77-a178-fe60cb6cb2d5","***","2026-09-01T09:37:31.023Z","6020","Welfare Check"
"d880cbba-7bd2-40b2-b3a7-0912317dcbe2","***","2026-09-01T11:25:24.282Z","1500","Stolen Property Offenses"
"b82a7aad-0807-4c81-8ff6-efd85516fbd5","***","2026-09-01T11:35:20.407Z","1","Motor Vehicle Theft/Stolen"
"dea41311-4b93-4c67-8819-56ae7c913088","***","2026-09-01T13:15:49.504Z","1497","Wanted Person (Arrest Warrant/Fugitive)"
"2fed6540-c73c-4c13-bbe7-f61184ab41be","***","2026-09-01T13:15:59.761Z","1497","Wanted Person (Arrest Warrant/Fugitive)"
"f02a9e88-6ae6-460a-9771-1c663724da64","***","2026-09-01T13:40:08.522Z","1494","Stolen Property Offenses"
"318edd37-a361-46da-8fe6-f0f91b03e37c","***","2026-09-01T13:50:26.148Z","6018","Welfare Check"
"6d3ee7a0-51ed-41ba-8578-e3218475b5e2","***","2026-09-01T13:50:44.291Z","1","Stolen Property Offenses"
"dc7f6bd4-e760-4b0f-836b-9be07c3d99c2","***","2026-09-01T14:09:47.978Z","1","Motor Vehicle Theft/Stolen"
"4b4cbdcd-27c9-417b-8cd2-3d80e6933509","***","2026-09-01T14:11:25.941Z","6021","Motor Vehicle Theft/Stolen"
"e94bb087-78b7-4cbb-9712-0dd6065fea3e","***","2026-09-01T14:18:47.659Z","1492","Stolen Property Offenses"
"1ad174c6-fdb2-4c53-bd6e-9b4cf13015b7","***","2026-09-01T14:22:47.458Z","1491","Motor Vehicle Theft/Stolen"
"bbfd9892-b29e-408c-9ca6-a28a1ddc4389","***","2026-09-01T14:37:52.625Z","1490","Wanted Person (Arrest Warrant/Fugitive)"
"0649fa6f-5840-47ff-9fc0-c2c7d7ed7aa8","***","2026-09-01T14:49:05.690Z","6012","Hit and Run/Car Accident"
"03773830-099d-40ab-841c-a1f422f721d7","***","2026-09-01T15:06:21.458Z","11","Criminal Motor Vehicle Offense (incl. Road Rage/Reckless)"
"990f6cb3-1b67-447a-9b9b-d4bf07e087ce","***","2026-09-01T15:31:06.871Z","1488","Wanted Person (Arrest Warrant/Fugitive)"
"64afdbbc-595b-4bec-b15e-f214fb82ade8","***","2026-09-01T15:31:50.472Z","1487","Motor Vehicle Theft/Stolen"
"e063ee3c-7ae2-4c17-96f6-ef86d57e9fc4","***","2026-09-01T15:58:54.288Z","6037","Hit and Run/Car Accident"
"508b96d5-73c7-4e64-85c6-f1f3ac8d7597","***","2026-09-01T16:11:48.397Z","1487","Sex Offenses"
"58cf1cb1-bd02-4684-b258-55e1bdd8f057","***","2026-09-01T16:21:45.249Z","1","Larceny/Theft Offenses"
"38f20b5c-a109-4c8a-b212-e9abf40eba87","***","2026-09-01T16:38:58.146Z","6032","Hit and Run/Car Accident"
"f12e2ba1-bf58-4c33-a212-5506c500f2b8","***","2026-09-01T16:41:12.665Z","4","Hit and Run/Car Accident"
"59453ef1-e865-414b-bf29-035219754ecf","***","2026-09-01T16:41:49.165Z","1488","Wanted Person (Arrest Warrant/Fugitive)"
"c3dc7528-f61d-46d8-b6fe-ee9b5d2ce22d","***","2026-09-01T16:42:43.423Z","1488","Wanted Person (Arrest Warrant/Fugitive)"
"e9df2b82-ded8-4123-8baa-f331f017752e","***","2026-09-01T16:47:24.413Z","1","Hit and Run/Car Accident"
"9d1b96b7-b578-45a2-9049-cb481d4adf6d","***","2026-09-01T16:53:01.890Z","1488","Stolen Property Offenses"
"aeb1d84d-fba9-40cc-8718-8092525788dd","***","2026-09-01T16:58:50.292Z","242","Motor Vehicle Theft/Stolen"
"007a3cf0-7383-40a5-9c27-ab025e0584f1","***","2026-09-01T17:00:23.078Z","1486","Hit and Run/Car Accident"
"d6362110-6a16-4d08-8c7c-ff815150ddef","***","2026-09-01T17:05:56.604Z","242","Motor Vehicle Theft/Stolen"
"c25ca400-5526-439b-85dc-d9269b9d98e1","***","2026-09-01T17:42:25.934Z","1488","Wanted Person (Arrest Warrant/Fugitive)"
"9c58ec55-938f-4e51-91d3-70a9631ac40e","***","2026-09-01T18:01:18.632Z","1487","Drugs/Narcotics"
"2b586d0e-382f-4c64-8b3b-2e3840afcfe9","***","2026-09-01T18:06:20.855Z","1485","Motor Vehicle Theft/Stolen"
"a985cb3f-0d8d-4c77-85ac-36163dca6169","***","2026-09-01T18:30:39.186Z","1441","Alcohol Offenses (Non-DUI)"
"7e9270e8-214f-4836-9e30-169206822560","***","2026-09-01T18:36:28.169Z","4","Hit and Run/Car Accident"
"c34ca115-cdfc-4c59-9cdc-e6d42599f17a","***","2026-09-01T18:44:16.347Z","1482","Obstructing the Police (Fleeing/Eluding)"
"03a4e81f-4690-4212-ab06-788597b05d9a","***","2026-09-01T18:44:55.588Z","1483","Motor Vehicle Theft/Stolen"
"192ccdcf-27ad-4d5b-a232-a0473d9e8180","***","2026-09-01T18:46:56.134Z","1483","Motor Vehicle Theft/Stolen"
"95599532-595d-418d-af6d-cbe36dd2bc59","***","2026-09-01T18:54:21.588Z","1484","Wanted Person (Arrest Warrant/Fugitive)"
"1b033652-1f65-49c6-8b40-d53d6e4edaa6","***","2026-09-01T18:54:28.800Z","1","Motor Vehicle Theft/Stolen"
"10b12a6c-9699-4284-b64c-8fab3c72d778","***","2026-09-01T19:04:02.339Z","1","Obstructing the Police (Fleeing/Eluding)"
"05adf2d2-13a0-4e15-92b9-eacb4e4da6f7","***","2026-09-01T19:07:31.983Z","1484","Wanted Person (Arrest Warrant/Fugitive)"
"4dca957b-6174-4e5c-9819-00452093be25","***","2026-09-01T19:09:17.268Z","1482","Obstructing the Police (Fleeing/Eluding)"
"34ead63e-7a47-4f8a-95b0-b17b4effc356","***","2026-09-01T19:10:17.596Z","1439","Alcohol Offenses (Non-DUI)"
"007015d8-a5b7-479f-9252-1b488f763d94","***","2026-09-01T19:17:29.671Z","1","Obstructing the Police (Fleeing/Eluding)"
"cfc5089a-5dd2-4f3f-8053-24dcee4b0380","***","2026-09-01T19:32:03.983Z","1","Welfare Check"
"482f9041-dcc9-4bbe-81f7-cdbf726c8597","***","2026-09-01T20:03:53.288Z","1441","Drugs/Narcotics"
"fa70ac0c-a90e-4362-8c5a-49089c89ba3f","***","2026-09-01T20:07:59.553Z","3","Obstructing the Police (Fleeing/Eluding)"
"66a9df7a-303d-44cb-b782-910533ea2593","***","2026-09-01T20:19:38.361Z","1","Obstructing the Police (Fleeing/Eluding)"
"dedac5d8-6fac-4ebd-962a-454f13ac7db6","***","2026-09-01T20:38:32.039Z","1","Obstructing the Police (Fleeing/Eluding)"
"56984acf-31ba-4da6-b77e-fbd8430f3c05","***","2026-09-01T21:00:36.175Z","1440","Drugs/Narcotics"
"2dc4d5ea-d25e-4be4-a542-93773a32513e","***","2026-09-01T21:12:38.769Z","1481","Drugs/Narcotics"
"c84fb123-1a7f-43ff-a5ed-cdca68848400","***","2026-09-01T21:23:21.039Z","1479","Motor Vehicle Theft/Stolen"
"1a37841b-192d-4c26-b9d0-a4aa9fac0709","***","2026-09-02T00:34:50.522Z","1439","Drugs/Narcotics"
"42b8e06e-2f41-460d-a8d5-4d31b33c073a","***","2026-09-02T00:38:14.463Z","242","Wanted Person (Arrest Warrant/Fugitive)"
"32e2a8f5-6e71-4c11-a9cd-9b142b96072c","***","2026-09-02T00:57:17.099Z","1478","Obstructing the Police (Fleeing/Eluding)"
"fad28a69-f37d-4a92-868c-edccf01a400a","***","2026-09-02T01:00:57.157Z","1","Obstructing the Police (Fleeing/Eluding)"
"98f78523-5aeb-43d5-bca7-503637c884b9","***","2026-09-02T02:01:47.609Z","1439","Wanted Person (Arrest Warrant/Fugitive)"
"88328159-8764-497e-9a1f-f31e7cb1b77a","***","2026-09-02T03:24:26.984Z","1479","Motor Vehicle Theft/Stolen"
"251f88e7-f1b6-4792-bc34-afb022420755","***","2026-09-02T03:37:18.219Z","1480","Weapons Offense (Guns/Shots Fired)"
"d08080b7-6495-4d9a-ac25-31198563c978","***","2026-09-02T03:41:00.216Z","1439","Wanted Person (Arrest Warrant/Fugitive)"
"c57d490c-d69d-4bf4-b36b-ea47b92c7a68","***","2026-09-02T06:03:32.296Z","242","Wanted Person (Arrest Warrant/Fugitive)"
"f539c044-fe18-40bf-bd9e-828c17ce19e6","***","2026-09-02T08:25:47.356Z","1480","Wanted Person (Arrest Warrant/Fugitive)"
"0e9f043a-55f6-4620-b520-9641475c7763","***","2026-09-02T11:05:15.151Z","1438","Motor Vehicle Theft/Stolen"
"f59f17e9-715e-47f7-a88c-5fec9bf267d5","***","2026-09-02T11:12:14.653Z","1","Wanted Person (Arrest Warrant/Fugitive)"
"12b2be1b-6e6f-4320-a58b-6e7474dc4de5","***","2026-09-02T11:21:47.359Z","1480","Burglary/Breaking & Entering"
"8c5f6c84-d97f-40c3-9f41-0c6eabddb44e","***","2026-09-02T11:47:04.584Z","242","Motor Vehicle Theft/Stolen"
"390b73e0-b270-43e1-bb63-7b5aaf5fb342","***","2026-09-02T11:50:05.887Z","1478","Hit and Run/Car Accident"
"26168068-3792-429c-97fc-b964b8554288","***","2026-09-02T12:02:07.072Z","1480","Homicide/Death Investigation"
"cddf81bd-ba51-4568-955c-48acf93af46f","***","2026-09-02T12:03:50.072Z","6000","Welfare Check"
"83e0b415-5260-4253-a59c-a96541eea87e","***","2026-09-02T12:11:31.994Z","1","Motor Vehicle Theft/Stolen"
"cacd46d2-18f0-48c4-a987-2ac2eb0e410d","***","2026-09-02T12:11:52.116Z","1478","Hit and Run/Car Accident"
"cd644e61-c48d-4170-b632-bce6470f0eeb","***","2026-09-02T12:23:07.780Z","1","Wanted Person (Arrest Warrant/Fugitive)"
"15f7dde3-4470-4581-9f42-1a6664e110b2","***","2026-09-02T12:30:20.929Z","242","Obstructing the Police (Fleeing/Eluding)"
"482e229d-7b32-454d-a93f-fbc444c3db24","***","2026-09-02T12:56:00.912Z","242","Welfare Check"
"7e74eea0-eaf3-4e97-ab84-5b25c8f4978a","***","2026-09-02T13:00:40.026Z","242","Motor Vehicle Theft/Stolen"
"f28de627-4024-4896-b556-c5c73d517bfb","***","2026-09-02T13:37:24.790Z","1479","Wanted Person (Arrest Warrant/Fugitive)"
"680fa77d-9e12-4037-a12c-6d83f110cd3e","***","2026-09-02T13:40:23.360Z","1477","Obstructing the Police (Fleeing/Eluding)"
"cccd4407-2661-4756-a575-9445cc482fd1","***","2026-09-02T14:00:45.969Z","1477","Obstructing the Police (Fleeing/Eluding)"
"f6e5fb18-7797-4923-b956-b6fe5f3fd37a","***","2026-09-02T14:22:24.834Z","1479","Wanted Person (Arrest Warrant/Fugitive)"
"016f681a-fdda-41fe-b0c5-f517bc80b66b","***","2026-09-02T14:42:46.311Z","1478","Homicide/Death Investigation"
"120a8d1a-0ca8-4fac-a652-8a94fbe09966","***","2026-09-02T14:51:52.223Z","242","Motor Vehicle Theft/Stolen"
"bb6cdb77-975b-46cc-90a5-616fd79b57c7","***","2026-09-02T15:00:35.980Z","1478","Homicide/Death Investigation"
"efa64522-e933-4201-8cdf-2230780639f1","***","2026-09-02T15:26:32.381Z","21","Obstructing the Police (Fleeing/Eluding)"
"8d185f29-ff35-4050-b1c2-bcc08ddf9b3b","***","2026-09-02T15:28:07.280Z","5991","Welfare Check"
"7ccc4c94-7358-4cb0-8945-63f2a1a3bdb4","***","2026-09-02T16:40:49.871Z","1","Wanted Person (Arrest Warrant/Fugitive)"
"621eedbb-ca32-43b4-96f5-251327457128","***","2026-09-02T16:41:43.137Z","1","Motor Vehicle Theft/Stolen"
"6e20a426-516c-4e14-992b-8c0d01c4a68d","***","2026-09-02T16:45:23.198Z","1476","Obstructing the Police (Fleeing/Eluding)"
"e5cc6666-99b9-44a8-9950-b4ea024435d7","***","2026-09-02T17:01:09.568Z","1478","Wanted Person (Arrest Warrant/Fugitive)"
"fae60637-76a0-4e81-965a-75a095240451","***","2026-09-02T17:04:26.630Z","1476","Obstructing the Police (Fleeing/Eluding)"
"c863a894-401d-4f67-bd64-f2ef7faa3f4d","***","2026-09-02T17:20:16.092Z","1478","Wanted Person (Arrest Warrant/Fugitive)"
"401a110c-972f-44de-b5b8-f388b1c53c18","***","2026-09-02T17:30:11.486Z","5994","Wanted Person (Arrest Warrant/Fugitive)"
"b8be9e8c-0756-471b-913e-75d033b3c72d","***","2026-09-02T17:59:00.375Z","1476","Larceny/Theft Offenses"
"04b56ae7-6432-463a-9b14-c571e6483bcd","***","2026-09-02T18:04:51.671Z","5987","Larceny/Theft Offenses"
"13072656-795e-40a7-a83d-68c7fb109b77","***","2026-09-02T18:23:10.786Z","1477","Wanted Person (Arrest Warrant/Fugitive)"
"427a10a8-ad49-4908-9cd4-9012f4cc5d3e","***","2026-09-02T18:33:10.983Z","1435","Drugs/Narcotics"
"aaffc567-762f-4213-ba55-0d2d4ff6c2e3","***","2026-09-02T19:13:34.478Z","242","Welfare Check"
"73fe5d47-a6ea-4b7c-836a-2907a6527306","***","2026-09-02T19:46:26.687Z","1433","Drugs/Narcotics"
"093b393f-4a2a-4640-8fb1-e40545a1311e","***","2026-09-02T19:53:35.998Z","1474","Wanted Person (Arrest Warrant/Fugitive)"
"213bf7f9-249f-44be-a1da-5804cf3eb3ab","***","2026-09-02T20:03:35.543Z","1433","Drugs/Narcotics"
"8e6f8dd5-9373-48da-bfe3-2bedee9e3bfa","***","2026-09-02T21:18:03.120Z","1474","Wanted Person (Arrest Warrant/Fugitive)"
"a3f442b9-d446-487b-8b43-2595c81c6bc6","***","2026-09-03T01:56:33.184Z","1431","Trespass, Motor Vehicle Theft/Stolen, Wanted Person (Arrest Warrant/Fugitive)"
"cce7fdd2-4f43-422f-bfda-29ed90912f2f","***","2026-09-03T02:05:51.523Z","1432","Drugs/Narcotics"
"d9de74c0-0c26-4b12-9292-d975172b339d","***","2026-09-03T09:07:26.599Z","1473","Homicide/Death Investigation"
"22703aa3-e3e1-4fd9-85c5-aaecae0bc5ad","***","2026-09-03T09:10:49.459Z","1","Assault/Battery Offenses"
"a3e33dbe-772b-4b09-8d46-9fa11d8b3e5e","***","2026-09-03T10:15:13.881Z","1473","Homicide/Death Investigation"
"3b7fb6fc-37bd-4c7e-939e-b964670a57aa","***","2026-09-03T11:19:48.624Z","242","Obstructing the Police (Fleeing/Eluding)"
"76dbd0a1-03b1-4205-9b63-1fab5923616f","***","2026-09-03T11:33:10.591Z","1471","Hit and Run/Car Accident"
"41f1c980-322e-4f3d-9cc8-2178bad2d541","***","2026-09-03T11:35:24.398Z","1473","Homicide/Death Investigation"
"990b84d4-3c44-43f1-b575-4855d6521916","***","2026-09-03T11:43:37.073Z","242","Welfare Check"
"b8c504af-d166-462e-ae35-8f253333aef7","***","2026-09-03T11:48:33.126Z","242","Wanted Person (Arrest Warrant/Fugitive)"
"28f90aa5-3a7f-4d5b-976e-7180102a5535","***","2026-09-03T11:49:54.932Z","1","Wanted Person (Arrest Warrant/Fugitive)"
"86cc6ae6-ac6a-44f2-91bf-d3ea19fab7ec","***","2026-09-03T12:14:12.030Z","5","Obstructing the Police (Fleeing/Eluding)"
"f040cc8a-ff94-4a70-8a2e-5a0a9d4eb0f9","***","2026-09-03T12:14:52.180Z","1471","Obstructing the Police (Fleeing/Eluding)"
"651093ab-272e-4cf7-9b6f-7d8b15ae158d","***","2026-09-03T12:50:50.864Z","18","Obstructing the Police (Fleeing/Eluding)"
"7d9059b5-578c-4faa-8738-b88df3cf87cb","***","2026-09-03T13:19:49.085Z","1473","Homicide/Death Investigation"
"9651f1e2-c6cf-4060-8789-fe1ec3595ddd","***","2026-09-03T13:39:52.003Z","1","Criminal Motor Vehicle Offense (incl. Road Rage/Reckless)"
"f432997d-63ba-468d-9649-104fcf11d6c5","***","2026-09-03T13:43:29.299Z","13","Obstructing the Police (Fleeing/Eluding)"
"212e022c-ecb3-4f4c-b4be-97b163e346cc","***","2026-09-03T14:02:10.382Z","1469","Criminal Motor Vehicle Offense (incl. Road Rage/Reckless)"
"1b30700a-6f4f-41c6-97e2-3c14f24a935d","***","2026-09-03T14:32:28.082Z","13","Obstructing the Police (Fleeing/Eluding)"
"5c22b434-0735-463d-a868-c181eb93a031","***","2026-09-03T14:37:49.632Z","1430","Sex Offenses"
"16942cb3-f444-4682-bd4e-249c15b1cbc6","***","2026-09-03T14:44:27.141Z","5974","Welfare Check"
"1a0716dc-dd29-4939-bcec-fafbf986e3c7","***","2026-09-03T14:50:10.261Z","4","Motor Vehicle Theft/Stolen"
"454ab53f-087c-4c8c-87a9-6e31d4021468","***","2026-09-03T15:03:02.378Z","5","Motor Vehicle Theft/Stolen"
"fdbe61b2-84b9-4662-8500-d4b73d76d8a5","***","2026-09-03T15:11:50.923Z","1470","Obstructing the Police (Fleeing/Eluding)"
"073b85c7-d205-41ae-b4c2-9712178bc297","***","2026-09-03T15:51:52.095Z","103","Obstructing the Police (Fleeing/Eluding)"
"b1e1b3a4-6c4c-4be6-af12-c0f9b61baa95","***","2026-09-03T15:52:55.618Z","1472","Wanted Person (Arrest Warrant/Fugitive)"
"78bbe842-45bd-4cde-98ac-884033f8c7cc","***","2026-09-03T16:03:01.289Z","1469","Obstructing the Police (Fleeing/Eluding)"
"8ba7f858-e806-464e-80f5-dfdeeb5f4224","***","2026-09-03T16:06:36.144Z","1468","Criminal Motor Vehicle Offense (incl. Road Rage/Reckless)"
"4e1e55d0-6e5e-4aee-a547-298d4e6e4d27","***","2026-09-03T16:19:31.188Z","5","Obstructing the Police (Fleeing/Eluding)"
"c91c291f-8b3c-42b1-9153-fc0abbfe306b","***","2026-09-03T16:41:04.568Z","242","Stolen Property Offenses"
"478b09e1-0fa8-4bab-9fb9-54db4e6d4d96","***","2026-09-03T17:06:37.509Z","16","Obstructing the Police (Fleeing/Eluding)"
"8f765731-669e-4065-a81d-65a256bc0b72","***","2026-09-03T17:19:33.765Z","5","Obstructing the Police (Fleeing/Eluding)"
"eb1a3b72-405c-4d92-8eaa-089e5b7d0af8","***","2026-09-03T17:52:47.425Z","6","Weapons Offense (Guns/Shots Fired)"
"0c6941d3-fe8f-4074-9e76-e1daed0d49cf","***","2026-09-03T17:53:25.974Z","1468","Weapons Offense (Guns/Shots Fired)"
"b598d86e-1203-43cb-903d-7ddb7171591b","***","2026-09-03T18:00:08.126Z","1427","Weapons Offense (Guns/Shots Fired)"
"4244ce0c-764d-418b-bbf8-10be17261bd7","***","2026-09-03T18:02:12.339Z","6","Weapons Offense (Guns/Shots Fired)"
"f139cead-8ddd-445a-8949-d266aa6576db","***","2026-09-03T18:04:07.682Z","1467","Homicide/Death Investigation"
"f590f1ad-5ea3-47e2-98f1-ef467042a99c","***","2026-09-03T18:20:59.004Z","1","Weapons Offense (Guns/Shots Fired)"
"f2e2cfaf-b51d-4683-aa9d-8ef034b14e6c","***","2026-09-03T18:33:25.570Z","1465","Obstructing the Police (Fleeing/Eluding)"
"fb779a38-aabc-456f-a351-7b57e84fc57d","***","2026-09-03T19:10:41.856Z","6","Weapons Offense (Guns/Shots Fired)"
"6810d512-8ada-49e3-a72b-c12f46cc0be3","***","2026-09-03T19:18:49.888Z","1","Weapons Offense (Guns/Shots Fired)"
"05e6f3b0-358b-434f-b6b4-e3b348b347ef","***","2026-09-03T19:19:07.838Z","5","Motor Vehicle Theft/Stolen"
"7c73cad5-d95b-434c-a153-41d8ae476185","***","2026-09-03T19:23:39.079Z","1467","Weapons Offense (Guns/Shots Fired)"
"c339779f-190c-46dd-baa2-53aef0837a14","***","2026-09-03T19:35:16.341Z","1464","Criminal Motor Vehicle Offense (incl. Road Rage/Reckless)"
"f5a8e391-b828-4e19-a8e5-d6dd9b418d7c","***","2026-09-03T19:39:17.400Z","1426","Wanted Person (Arrest Warrant/Fugitive)"
"08e54a09-ffd0-4fa8-8b8d-935a6851b29d","***","2026-09-03T20:06:45.269Z","1426","Weapons Offense (Guns/Shots Fired)"
"d082bded-d9a0-4b00-b4dc-8aa33f81274b","***","2026-09-03T20:09:05.577Z","7","Obstructing the Police (Fleeing/Eluding)"
"f0075d0c-5557-48bb-800c-6c2e39a7359d","***","2026-09-03T20:34:50.656Z","1467","Weapons Offense (Guns/Shots Fired)"
"6bded46e-b14f-4fa2-b31b-4657252adfcd","***","2026-09-03T21:00:26.160Z","1426","Weapons Offense (Guns/Shots Fired)"
"9f4f5e6f-3ea1-45db-b4fb-3996b944a903","***","2026-09-03T21:21:18.167Z","1","Wanted Person (Arrest Warrant/Fugitive)"
"c59ba771-ef7a-4f4f-9660-56f4a259fcef","***","2026-09-03T23:20:06.146Z","1425","Weapons Offense (Guns/Shots Fired)"
"5797da5e-8d2e-431f-8344-9889f599d9b6","***","2026-09-03T23:52:51.645Z","1425","Homicide/Death Investigation"
"d636a6c7-2bc5-49d5-9bce-337879429443","***","2026-09-03T23:58:31.140Z","1466","Wanted Person (Arrest Warrant/Fugitive)"
"3e17b8da-3219-4d92-970a-b84697d06ee3","***","2026-09-04T00:05:48.125Z","1425","Homicide/Death Investigation"
"6523c650-6bbc-48ef-b23a-a80c53571f96","***","2026-09-04T00:30:44.934Z","1","Wanted Person (Arrest Warrant/Fugitive)"
"21c5d421-7324-481b-9609-e7286f27bf90","***","2026-09-04T02:22:49.451Z","18","Wanted Person (Arrest Warrant/Fugitive)"
"c9c5f43c-e2bb-43dd-81c8-b997e73d6926","***","2026-09-04T02:40:51.426Z","6","Wanted Person (Arrest Warrant/Fugitive)"
"f2f1f3c9-6470-4200-8dad-4fb62f47bf87","***","2026-09-04T03:34:28.063Z","1","Wanted Person (Arrest Warrant/Fugitive)"
"67f07f36-f95f-4266-9d39-911c27f0ea8b","***","2026-09-04T06:09:15.871Z","1465","Wanted Person (Arrest Warrant/Fugitive)"
"57fcb4fb-e6ef-4b2e-ba10-b03450afd20d","***","2026-09-04T10:49:35.415Z","1424","Wanted Person (Arrest Warrant/Fugitive)"
"4f87837d-6515-40a9-a805-218bad2a2599","***","2026-09-04T11:15:45.789Z","241","Stalking"
"9eb12992-13d2-4813-ae39-ce3509487b4f","***","2026-09-04T11:15:59.867Z","1465","Wanted Person (Arrest Warrant/Fugitive)"
"277f7306-faba-4640-9d2a-5168ec9c0a0f","***","2026-09-04T12:20:24.799Z","1424","Wanted Person (Arrest Warrant/Fugitive)"
"8530894f-76a6-4449-a52b-48aa0434f6ee","***","2026-09-04T12:22:59.657Z","1464","Motor Vehicle Theft/Stolen"
"e64c805a-c1e9-4936-af3a-0eb4859c5930","***","2026-09-04T12:40:07.329Z","241","Stalking"
"75acb8bf-0259-4703-adc6-061e4ca225cb","***","2026-09-04T12:49:23.911Z","5893","Motor Vehicle Theft/Stolen"
"052e73b1-ed22-4f28-8249-09b8b15743d6","***","2026-09-04T12:53:35.310Z","1464","Trespass"
"f5bb80c7-83bd-4229-9efa-d85eecb08957","***","2026-09-04T13:50:10.733Z","1465","Wanted Person (Arrest Warrant/Fugitive)"
"f96d1399-559e-4ba8-9a65-d002050c4ca3","***","2026-09-04T14:44:31.592Z","5893","Motor Vehicle Theft/Stolen"
"d0621622-f950-4ecb-9c80-67c33be23e10","***","2026-09-04T15:24:15.245Z","1463","Wanted Person (Arrest Warrant/Fugitive)"
"d0b7fb39-bdf3-499e-a208-a7b06c275ffe","***","2026-09-04T16:00:46.337Z","1461","Motor Vehicle Theft/Stolen"
"d01d6dd3-82b9-4695-9bb4-cfc532313648","***","2026-09-04T16:16:05.882Z","1461","Larceny/Theft Offenses"
"d919f8ff-0182-4f97-8388-c7dcfb92e079","***","2026-09-04T16:55:49.408Z","18","Wanted Person (Arrest Warrant/Fugitive)"
"08252d37-1551-47dc-b9be-8cff5878125c","***","2026-09-04T17:14:45.987Z","1461","Motor Vehicle Theft/Stolen"
"19bdc75e-0349-41c5-acb8-57c4503792ac","***","2026-09-04T17:54:27.006Z","5881","Motor Vehicle Theft/Stolen"
"6ff1d310-8d41-48e5-8915-39d1abda1116","***","2026-09-04T18:01:14.974Z","5884","Missing/Endangered Person/Runaway"
"ff999392-6c48-4bf3-8061-341e62c38ab2","***","2026-09-04T18:19:38.624Z","5","Larceny/Theft Offenses"
"eaec3745-5d4e-41ab-ac98-4724f8586869","***","2026-09-04T19:12:57.385Z","5883","Missing/Endangered Person/Runaway"
"10516cda-5ba0-4a34-92f9-b15fe091ba54","***","2026-09-04T19:30:35.848Z","1","Weapons Offense (Guns/Shots Fired)"
"41a63ad9-8164-4b5a-a330-c7c87764c076","***","2026-09-04T19:38:48.987Z","1457","Hit and Run/Car Accident"
"0ad53956-fb08-4c44-828f-6a854a6ffaa4","***","2026-09-04T20:03:48.430Z","1457","Hit and Run/Car Accident"
"3e7a3755-5ff8-4eca-a608-39345766e6db","***","2026-09-04T20:18:49.407Z","5885","Missing/Endangered Person/Runaway"
"bb06005b-0863-432a-8bdc-606cd844146a","***","2026-09-04T20:54:11.172Z","1458","Motor Vehicle Theft/Stolen"
"914bac9a-963a-4e76-a200-8aff8303641b","***","2026-09-04T21:03:50.178Z","9","Motor Vehicle Theft/Stolen"
"73211453-073c-4307-b118-818fabd64590","***","2026-09-04T22:49:00.849Z","1459","Stolen Property Offenses"
"a8534a0e-ece9-48bf-945e-bf5bfb94ad43","***","2026-09-04T23:09:34.645Z","241","Motor Vehicle Theft/Stolen"
"dd988648-ef87-46a1-bf4f-e4c93898b4c2","***","2026-09-04T23:52:52.052Z","241","Drugs/Narcotics"
"42f9a547-3cd4-496b-ad25-07faaca85343","***","2026-09-05T00:39:23.784Z","241","Drugs/Narcotics"
"09305227-d90b-4c45-afea-080f53c07d7b","***","2026-09-05T02:18:23.852Z","241","Obstructing the Police (Fleeing/Eluding)"
"4f2808b9-80ba-456c-b195-69f377cb0e19","***","2026-09-05T02:38:26.053Z","1416","Obstructing the Police (Fleeing/Eluding)"
"becd696c-eb31-49a2-bf4d-9a31c42f13a0","***","2026-09-05T03:13:05.424Z","241","Obstructing the Police (Fleeing/Eluding)"
"15c27e1f-daef-4f4e-b077-5e45071ab0b4","***","2026-09-05T03:37:34.866Z","1416","Obstructing the Police (Fleeing/Eluding)"
"6f3847a6-4738-4868-84e7-781ff2bcdecb","***","2026-09-05T06:12:05.020Z","1458","Motor Vehicle Theft/Stolen"
"f9847884-96c7-4da8-a860-c092a7f902f9","***","2026-09-05T06:38:33.867Z","241","Drugs/Narcotics"
"bcd085e6-0c6b-4da2-b47d-8671bd62cced","***","2026-09-05T10:26:50.855Z","5873","Missing/Endangered Person/Runaway"
"7693260c-5d16-4132-a9e0-109a27417b0f","***","2026-09-05T12:11:10.848Z","1","Motor Vehicle Theft/Stolen"
"8cbc2244-dd28-4c37-bf99-d1fb011d9b2f","***","2026-09-05T13:24:51.851Z","1459","Wanted Person (Arrest Warrant/Fugitive)"
"1741ed41-9679-4b9d-aca0-1cf4325228c6","***","2026-09-05T17:06:51.946Z","5873","Missing/Endangered Person/Runaway"
"c5a968ba-32b0-4cb1-a0e4-cfbef694f0c4","***","2026-09-05T23:11:12.049Z","1418","Wanted Person (Arrest Warrant/Fugitive)"
"bf7941f6-30db-40de-ad33-96c63293c7c1","***","2026-09-06T03:32:23.365Z","241","Stolen Property Offenses"
"a134650a-cf28-4b99-a2c9-3f92a60e7005","***","2026-09-06T03:52:04.366Z","1457","Drugs/Narcotics"
"e4377a9a-c14f-4c67-a447-238d1933404e","***","2026-09-06T04:01:49.365Z","1456","Motor Vehicle Theft/Stolen"
"d6dc8332-d2f1-445b-af09-c2095aff3664","***","2026-09-06T04:18:05.417Z","1457","Drugs/Narcotics"
"069f6132-2048-4ac8-b287-624303e7b726","***","2026-09-06T05:17:58.021Z","1457","Assault/Battery Offenses (Domestic)"
"6319950c-bac6-4367-b3eb-e2433fb9f239","***","2026-09-06T10:27:15.745Z","1416","Stolen Property Offenses"
"3fc7ed8f-8cc2-49d1-83ef-9be278aa110d","***","2026-09-06T10:58:55.795Z","1415","Motor Vehicle Theft/Stolen"
"a33ba0ac-39dc-4b66-8ef8-c7b4d59e821e","***","2026-09-06T11:10:09.016Z","1455","Obstructing the Police (Fleeing/Eluding)"
"4ca3353c-7d1f-4b13-b9e1-af3416d1b1e0","***","2026-09-06T15:56:43.870Z","6","Wanted Person (Arrest Warrant/Fugitive)"
"c64ae672-4766-455d-89f3-8d5d8905181b","***","2026-09-06T16:33:32.686Z","6","Wanted Person (Arrest Warrant/Fugitive)"
"b7a510c2-d851-45a3-89fa-83c1eade3908","***","2026-09-06T16:45:06.387Z","6","Weapons Offense (Guns/Shots Fired)"
"0eba985b-f8d8-4864-9df0-7522a0b63a42","***","2026-09-06T16:47:16.413Z","1416","Weapons Offense (Guns/Shots Fired)"
"b8f31652-bdd2-4e42-98a9-ec75d0bf5802","***","2026-09-06T16:53:39.756Z","1457","Weapons Offense (Guns/Shots Fired)"
"e7ce6a7e-f220-403d-8405-a38ed5953469","***","2026-09-06T17:01:47.475Z","5","Weapons Offense (Guns/Shots Fired)"
"036ce915-e991-44d2-bee2-5462c97df01f","***","2026-09-06T17:02:51.998Z","1457","Weapons Offense (Guns/Shots Fired)"
"e3462aed-25bc-4245-99a8-0e6d35142786","***","2026-09-06T18:45:35.309Z","6","Wanted Person (Arrest Warrant/Fugitive)"
"3bc8642d-b107-4fef-9851-42c13ff8df79","***","2026-09-06T19:01:46.202Z","6","Wanted Person (Arrest Warrant/Fugitive)"
"1a63257f-817c-4673-ada7-1431ab646b28","***","2026-09-06T20:09:01.296Z","1416","Stolen Property Offenses"
"0e14b1f7-d638-4e10-b883-f150025d7a05","***","2026-09-06T23:16:26.912Z","241","Hit and Run/Car Accident"
"4a954ae3-e1d3-4c8c-8bc7-8f77b5d6d9c1","***","2026-09-07T01:20:49.417Z","1414","Obstructing the Police (Fleeing/Eluding)"
"d7e997a7-a478-4348-a2c0-ae89531b0bdd","***","2026-09-07T01:48:18.800Z","1","Hit and Run/Car Accident"
"e6a916e7-05d7-4a62-9348-266cbf1c4f89","***","2026-09-07T02:10:50.316Z","1","Hit and Run/Car Accident"
"4b70149a-706b-4fbc-8426-158406de0abe","***","2026-09-07T02:40:46.861Z","1454","Criminal Motor Vehicle Offense (incl. Road Rage/Reckless)"
"03d0751a-f889-487f-84b0-cb407011b1b7","***","2026-09-07T02:53:33.208Z","407","Drugs/Narcotics"
"53b3d940-2062-4ac3-a167-20d341504e64","***","2026-09-07T03:31:59.767Z","1454","Criminal Motor Vehicle Offense (incl. Road Rage/Reckless)"
"0af08d4c-1a14-4cfe-972e-484a6eff9047","***","2026-09-07T04:20:05.484Z","1","Criminal Motor Vehicle Offense (incl. Road Rage/Reckless)"
"24346816-5fe7-460e-89e5-11ee2d8a8a2d","***","2026-09-07T04:52:46.873Z","241","Motor Vehicle Theft/Stolen"
"468a3953-6ce7-4ec1-948d-2d0a765d8815","***","2026-09-07T04:52:48.590Z","1456","Motor Vehicle Theft/Stolen"
"68d0b918-f7d7-47c1-b6ae-de6845d05667","***","2026-09-07T05:09:02.781Z","1","Criminal Motor Vehicle Offense (incl. Road Rage/Reckless)"
"e5ab2d41-473a-40a7-bc2a-6fe8a6369592","***","2026-09-07T05:57:13.504Z","1456","Motor Vehicle Theft/Stolen"
"8f72188f-c5a8-4e32-a7eb-d5be6c99cf9f","***","2026-09-07T07:08:19.180Z","1456","Motor Vehicle Theft/Stolen"
"123b9104-6340-4a4b-9de4-223af97956e1","***","2026-09-07T09:47:20.948Z","1415","Motor Vehicle Theft/Stolen"
"1802546f-9ab1-4d39-8a94-a9d4fad297fa","***","2026-09-07T10:10:23.756Z","1457","Wanted Person (Arrest Warrant/Fugitive)"
"e9cf24bc-b7b0-4e5c-a8ae-ca76f5573554","***","2026-09-07T10:43:31.921Z","1457","Wanted Person (Arrest Warrant/Fugitive)"
"31b9e6f3-b1e6-4256-9434-e2367d026a93","***","2026-09-07T12:57:18.045Z","1457","Stolen Property Offenses"
"045d7f0e-f7cb-4420-8e0e-3a5d54516187","***","2026-09-07T14:23:12.332Z","1416","Wanted Person (Arrest Warrant/Fugitive)"
"5a0d933c-acc6-43b7-9f88-1907547f5649","***","2026-09-07T14:35:09.007Z","1457","Wanted Person (Arrest Warrant/Fugitive)"
"19d1eb91-a193-4752-a699-d1e80df90d3e","***","2026-09-07T15:20:53.775Z","1416","Wanted Person (Arrest Warrant/Fugitive)"
"e8a11c46-65bb-4322-b31d-6cec08cb36e3","***","2026-09-07T15:25:09.336Z","1457","Drugs/Narcotics"
"e0e34f53-3c2d-471f-af67-61ab0fd7d7a3","***","2026-09-07T16:22:27.423Z","5871","Wanted Person (Arrest Warrant/Fugitive)"
"a3f3963e-b090-4448-a731-b78b0dc5b063","***","2026-09-07T16:24:29.132Z","1416","Wanted Person (Arrest Warrant/Fugitive)"
"8115f3c3-5387-458b-be74-606f13f30a74","***","2026-09-07T16:42:51.901Z","241","Wanted Person (Arrest Warrant/Fugitive)"
"d76a567e-e3f8-407e-831c-5afca49e0283","***","2026-09-07T16:48:10.475Z","1457","Wanted Person (Arrest Warrant/Fugitive)"
"0177591e-340f-4f60-988e-ffee7fc4a91c","***","2026-09-07T17:01:37.886Z","241","Wanted Person (Arrest Warrant/Fugitive)"
"d570c0b9-3a5b-4cd5-817f-cac89a44dea3","***","2026-09-07T17:04:42.350Z","1416","Wanted Person (Arrest Warrant/Fugitive)"
"2327bb5c-a6a3-48a8-8d5b-4276f73caf9c","***","2026-09-07T17:04:52.681Z","1457","Wanted Person (Arrest Warrant/Fugitive)"
"38b29bab-dc7c-4e3b-9b47-cb99513ff28a","***","2026-09-07T17:37:02.078Z","1457","Wanted Person (Arrest Warrant/Fugitive)"
"4d68712e-b55e-4e15-8f8b-da7417d8ab88","***","2026-09-07T18:02:47.855Z","1416","Wanted Person (Arrest Warrant/Fugitive)"
"1a1a5db2-825d-4ee1-be68-11f4de67636b","***","2026-09-07T18:07:24.870Z","1457","Wanted Person (Arrest Warrant/Fugitive)"
"accb97e2-3823-4cad-90f9-52e7903f297f","***","2026-09-07T18:15:27.889Z","241","Wanted Person (Arrest Warrant/Fugitive)"
"09e182e1-2673-453a-9c2c-1cf69725b0e3","***","2026-09-07T19:04:47.988Z","1457","Wanted Person (Arrest Warrant/Fugitive)"
"c2e5d2b5-4be9-499c-9ab8-fb4f4bf5d78b","***","2026-09-07T19:08:41.194Z","241","Wanted Person (Arrest Warrant/Fugitive)"
"857f83b4-c84b-44e0-a8cb-d334f8cfb708","***","2026-09-07T19:27:36.026Z","1457","Wanted Person (Arrest Warrant/Fugitive)"
"42c7d3fb-37ad-4c6d-8547-9dbb5bade503","***","2026-09-07T20:31:00.219Z","1457","Wanted Person (Arrest Warrant/Fugitive)"
"efe732f8-f6df-41f1-acea-463ef55b4b5c","***","2026-09-07T21:06:36.716Z","1457","Wanted Person (Arrest Warrant/Fugitive)"
"b47e152c-cb0b-4068-8d92-4d57e5286ffe","***","2026-09-08T00:30:21.685Z","1416","Assault/Battery Offenses (Domestic)"
"4a5fe59c-0701-43d6-8cb7-62220eb7220e","***","2026-09-08T00:32:45.499Z","1457","Wanted Person (Arrest Warrant/Fugitive)"
"026edc65-5caa-4a0b-bd27-bb59a195ce5b","***","2026-09-08T02:10:56.001Z","1457","Wanted Person (Arrest Warrant/Fugitive)"
"6681f611-c283-43a5-b728-7fc79e40c97f","***","2026-09-08T03:14:38.479Z","1","Stolen Property Offenses"
"17679a2d-1fef-4a85-9051-979e14f63190","***","2026-09-08T03:15:02.314Z","1","Stolen Property Offenses"
"28f529fc-0729-4698-bf61-37acd60ab2a6","***","2026-09-08T04:45:35.345Z","1457","Wanted Person (Arrest Warrant/Fugitive)"
"a966a311-da62-4d36-bb28-716560cb988c","***","2026-09-08T11:06:17.860Z","5","Larceny/Theft Offenses"
"109bc540-d24d-4a63-86cb-1e93fc0258ab","***","2026-09-08T11:28:45.537Z","1456","Motor Vehicle Theft/Stolen"
"477c7906-3e78-48e7-a584-f7994e1edc73","***","2026-09-08T11:30:04.747Z","1457","Wanted Person (Arrest Warrant/Fugitive)"
"49f198ba-026d-4e5a-a790-354e1d1a6c4a","***","2026-09-08T11:36:19.161Z","1455","Obstructing the Police (Fleeing/Eluding)"
"235b70a1-2ebd-4ff3-85a8-8f8fe9298f2a","***","2026-09-08T11:38:01.404Z","1455","Obstructing the Police (Fleeing/Eluding)"
"7ba8002a-1d04-4d00-93d0-c304a8defb4f","***","2026-09-08T11:38:04.111Z","1414","Obstructing the Police (Fleeing/Eluding)"
"075411e2-25f5-4418-955f-8d57465fc824","***","2026-09-08T11:39:15.883Z","6","Motor Vehicle Theft/Stolen"
"e329eb96-54e4-4688-8ed3-03bf7d345c64","***","2026-09-08T11:42:45.027Z","1455","Obstructing the Police (Fleeing/Eluding)"
"ea01af15-0a84-4489-bf82-c1cca996a0a7","***","2026-09-08T11:47:13.091Z","1414","Obstructing the Police (Fleeing/Eluding)"
"fb7a0fe2-2c48-458a-b5ec-207443b1af87","***","2026-09-08T11:48:56.894Z","5867","Motor Vehicle Theft/Stolen"
"94d8bee4-31e1-4b8f-9318-05815942de27","***","2026-09-08T11:49:11.239Z","241","Obstructing the Police (Fleeing/Eluding)"
"9ff2dbe7-b72e-4997-9608-13d568a87fe1","***","2026-09-08T11:54:05.974Z","1","Stalking"
"62237e71-2db1-4106-a69d-1c9f33d6b22e","***","2026-09-08T11:55:45.297Z","241","Obstructing the Police (Fleeing/Eluding)"
"f75f7fc3-a4be-478b-9437-814af3fac172","***","2026-09-08T12:00:00.893Z","6","Motor Vehicle Theft/Stolen"
"c47066cc-f35c-4897-8750-fe62046240ad","***","2026-09-08T12:05:54.172Z","1414","Obstructing the Police (Fleeing/Eluding)"
"8dac3d99-4e56-4adc-99a0-71bdcf35fa4c","***","2026-09-08T12:08:58.831Z","1414","Obstructing the Police (Fleeing/Eluding)"
"68f2bf98-df1d-499e-a89e-daf8d9bd922b","***","2026-09-08T12:09:18.966Z","5861","Obstructing the Police (Fleeing/Eluding)"
"9c374684-e29d-4f1d-a010-2c63714c5ed1","***","2026-09-08T12:13:00.832Z","1455","Obstructing the Police (Fleeing/Eluding)"
"204b43bf-2035-42a5-9c61-2dfeb0101edd","***","2026-09-08T12:30:25.387Z","1455","Obstructing the Police (Fleeing/Eluding)"
"fd1c5d4b-8075-488e-a171-e95bde293c8b","***","2026-09-08T12:35:34.206Z","1414","Obstructing the Police (Fleeing/Eluding)"
"d6ce7d3b-704f-417d-8933-4641a39fb43b","***","2026-09-08T12:45:10.931Z","1455","Obstructing the Police (Fleeing/Eluding)"
"c0ee7534-d5b7-4477-93a4-595b2fdb7926","***","2026-09-08T12:46:58.975Z","1457","Weapons Offense (Guns/Shots Fired)"
"c4ae5ca0-4b83-4a6b-9c4d-119b2b07fb40","***","2026-09-08T12:48:12.290Z","1455","Obstructing the Police (Fleeing/Eluding)"
"544eb92b-d90c-46ea-ae77-c366033ea074","***","2026-09-08T12:53:12.599Z","1456","Motor Vehicle Theft/Stolen"
"fdff6c7a-80f0-4784-a23d-0ea2cdfcda0e","***","2026-09-08T13:01:46.319Z","1455","Obstructing the Police (Fleeing/Eluding)"
"54b22577-e6d4-427c-a3b7-293442e3fae5","***","2026-09-08T14:30:13.642Z","6","Motor Vehicle Theft/Stolen"
"05f10cb6-c6cd-4567-ac93-ce6055b1d6b1","***","2026-09-08T14:31:03.892Z","241","Motor Vehicle Theft/Stolen"
"53b062ff-3d36-4fc9-a988-86fd8d116ed5","***","2026-09-08T14:35:46.141Z","1456","Motor Vehicle Theft/Stolen"
"4456697e-6eaa-48cc-9afb-c651a5fa0883","***","2026-09-08T14:45:15.185Z","1456","Motor Vehicle Theft/Stolen"
"d4397974-6a12-456b-811b-e974a6e31f31","***","2026-09-08T14:48:56.424Z","1456","Motor Vehicle Theft/Stolen"
"aba49ef6-14a8-4bdd-87a2-04b361ba82b3","***","2026-09-08T14:57:56.917Z","241","Welfare Check"
"aa8f71a1-719b-4b53-9f2e-145b0dba2ea1","***","2026-09-08T15:05:56.231Z","1456","Motor Vehicle Theft/Stolen"
"1e303734-d2e2-4a06-be1b-0fe79889a061","***","2026-09-08T15:09:22.494Z","1456","Motor Vehicle Theft/Stolen"
"514656d9-a19b-45fc-8ef1-325326edc56f","***","2026-09-08T15:13:56.518Z","1456","Motor Vehicle Theft/Stolen"
"9d55711b-8d01-487d-be10-8c66c88b121e","***","2026-09-08T15:44:16.907Z","1414","Wanted Person (Arrest Warrant/Fugitive)"
"b6583bd6-6931-4b07-91b8-84f743942978","***","2026-09-08T16:09:17.311Z","241","Welfare Check"
"2c1e817a-6346-4665-bb8a-a0ef17bbb1af","***","2026-09-08T16:52:32.895Z","6","Motor Vehicle Theft/Stolen"
"8f8c88b5-7963-4f12-98db-7477d0ce73e5","***","2026-09-08T17:00:21.377Z","1453","Motor Vehicle Theft/Stolen"
"351dbe3d-f91c-4356-abed-ac7c8269c9e9","***","2026-09-08T17:32:45.416Z","241","Welfare Check"
"a2109337-7e28-4278-94b7-954f5cd96733","***","2026-09-08T17:58:18.447Z","1452","Wanted Person (Arrest Warrant/Fugitive)"
"5e7555ad-8fc0-4ecd-a033-a783609569c8","***","2026-09-08T18:03:21.879Z","1","Trespass"
"d9110805-fa5f-4d63-9c61-e9cfbc570786","***","2026-09-08T18:07:35.743Z","1451","Welfare Check"
"eb064dfc-2a31-47c0-8e36-71e85ed6fd98","***","2026-09-08T18:08:32.706Z","1452","Wanted Person (Arrest Warrant/Fugitive)"
"ea8b409e-0e71-4cc4-b521-22a882c54dba","***","2026-09-08T18:26:40.016Z","1451","Homicide/Death Investigation"
"0cfcd801-3fbb-426f-ab62-5296d58a0976","***","2026-09-08T18:31:28.765Z","103","Drugs/Narcotics"
"859775ad-2996-49aa-a954-595fbf6394e6","***","2026-09-08T19:03:30.366Z","1451","Homicide/Death Investigation"
"187b531e-c440-4af7-ac0e-a8e7ec1ba65d","***","2026-09-08T19:10:23.478Z","1451","Motor Vehicle Theft/Stolen"
"1ffb2c69-7c1f-4ff1-b09a-18c520433f68","***","2026-09-08T19:10:53.725Z","1451","Wanted Person (Arrest Warrant/Fugitive)"
"715bdaed-67e1-4ab3-ba30-696ef02f79da","***","2026-09-08T19:10:56.805Z","1451","Wanted Person (Arrest Warrant/Fugitive)"
"e67caf20-caf8-43de-a05a-ee1d7e8c1428","***","2026-09-08T19:11:04.270Z","1","Stalking"
"339f550f-6aab-47ed-bb98-70fe4fc12643","***","2026-09-08T19:15:02.045Z","1","Wanted Person (Arrest Warrant/Fugitive)"
"683984ae-9d90-438f-9ffe-ce796339fe05","***","2026-09-08T19:25:40.692Z","1451","Wanted Person (Arrest Warrant/Fugitive)"
"cec3f443-2090-4b8a-a5e3-2fe340d0d2ed","***","2026-09-08T20:00:36.388Z","5833","Wanted Person (Arrest Warrant/Fugitive)"
"d02f60a9-4d24-4a4f-b95d-ca0aae3e4999","***","2026-09-08T20:01:19.636Z","1451","Homicide/Death Investigation"
"4d1ea9c6-dc3d-4a96-9335-8bd942f7ec2a","***","2026-09-08T20:21:52.196Z","1450","Hit and Run/Car Accident"
"4ba91e99-6c17-497b-98a3-3fccfd5fd9b7","***","2026-09-08T20:36:18.612Z","1451","Motor Vehicle Theft/Stolen"
"42862f87-0d69-45b0-9423-2468f47a8ea6","***","2026-09-08T20:47:47.386Z","1410","Wanted Person (Arrest Warrant/Fugitive)"
"993d3963-d1ef-43ba-92fd-bb94b9d8a35a","***","2026-09-08T21:00:22.403Z","1451","Motor Vehicle Theft/Stolen"
"229da815-a450-4da3-8350-30ea8c120ab9","***","2026-09-08T21:07:07.271Z","1","Hit and Run/Car Accident"
"354b8521-54fa-4f05-8912-5ddc1ef44783","***","2026-09-08T22:15:27.059Z","5","Obstructing the Police (Fleeing/Eluding)"
"188d0e61-c9b8-43f9-a2a8-9099f0ef2344","***","2026-09-08T22:17:31.777Z","241","Drugs/Narcotics"
"1bacb95a-2f2a-4616-887b-4f0dc10a963a","***","2026-09-08T23:00:14.974Z","1410","Drugs/Narcotics"
"3c868481-cbb2-45ff-86b7-24190463df11","***","2026-09-08T23:14:54.955Z","1","Drugs/Narcotics"
"5e916118-1d31-4088-b42f-1f250050e64b","***","2026-09-09T00:14:24.205Z","1409","Obstructing the Police (Fleeing/Eluding)"
"929d4744-f7fc-4b12-ba11-367df8566dfd","***","2026-09-09T00:41:58.049Z","1410","Weapons Offense (Guns/Shots Fired), Wanted Person (Arrest Warrant/Fugitive)"
"c78a3dbd-dd9e-427d-9d2b-d7cd003f3738","***","2026-09-09T01:05:40.711Z","1451","Wanted Person (Arrest Warrant/Fugitive)"
"e8f5543c-6e42-456f-a7d2-04aa64be2a1e","***","2026-09-09T01:14:15.363Z","1410","Drugs/Narcotics"
"c9558087-d872-4dd3-bb10-f573b48d820d","***","2026-09-09T02:14:10.122Z","1410","Drugs/Narcotics"
"af8f2a01-4fe0-487f-8dfc-9cae71879d19","***","2026-09-09T05:02:42.213Z","1409","Motor Vehicle Theft/Stolen"
"610fd3c3-3529-4ee1-b348-fea7897e2fe4","***","2026-09-09T05:27:00.444Z","1","Motor Vehicle Theft/Stolen"
"660a148e-b110-4104-9fd9-ee6118876e04","***","2026-09-09T05:50:15.949Z","1","Wanted Person (Arrest Warrant/Fugitive)"
"0f9d7880-5bc6-4ef3-9642-e0ddc4b9a64b","***","2026-09-09T07:23:55.858Z","1409","Motor Vehicle Theft/Stolen"
"3c3b9a8f-733c-452d-8383-26645d61acd5","***","2026-09-09T07:31:31.852Z","1450","Drugs/Narcotics"
"991baaa5-e00e-4dd0-a14d-b7f2c911057a","***","2026-09-09T08:08:12.229Z","1409","Motor Vehicle Theft/Stolen"
"02824bcd-4bc7-4879-825b-6fd73dfbb3e8","***","2026-09-09T09:07:39.496Z","1450","Wanted Person (Arrest Warrant/Fugitive)"
"4d734610-4b5b-4779-8eb7-60a16c14469b","***","2026-09-09T09:56:54.270Z","1409","Motor Vehicle Theft/Stolen"
"59122af4-ffae-4d24-bbfe-516e42d3770f","***","2026-09-09T10:39:22.224Z","241","Drugs/Narcotics"
"0c77d425-9a67-47d8-aef7-c2f20f9ee69e","***","2026-09-09T10:52:55.027Z","1450","Wanted Person (Arrest Warrant/Fugitive)"
"bec534e9-6ddf-47f2-ac8a-835070442a64","***","2026-09-09T12:10:46.352Z","1450","Motor Vehicle Theft/Stolen"
"ce09dd40-1092-4d73-87cb-18cc2409e405","***","2026-09-09T12:18:12.484Z","241","Drugs/Narcotics"
"c44bcb6a-b571-4d57-a8e9-4a45549e2a76","***","2026-09-09T12:23:26.989Z","1449","Obstructing the Police (Fleeing/Eluding)"
"cd965353-a00f-4e3b-a44f-c87d2303ce59","***","2026-09-09T13:12:39.088Z","1407","Wanted Person (Arrest Warrant/Fugitive)"
"329560b9-64f3-43bb-80b9-62e0281bd9b9","***","2026-09-09T14:16:31.895Z","1447","Motor Vehicle Theft/Stolen"
"192d098a-fe25-4685-897b-84d7e36b2ade","***","2026-09-09T14:57:55.349Z","1447","Drugs/Narcotics"
"9bc05246-b598-4278-94fe-e95ad1a96014","***","2026-09-09T15:03:35.551Z","1447","Drugs/Narcotics"
"0a4829a2-2704-4a8b-8621-528fec51a763","***","2026-09-09T17:30:33.978Z","1","Burglary/Breaking & Entering"
"dbf3e127-d829-4697-b499-509c09280d55","***","2026-09-09T17:46:15.666Z","241","Homicide/Death Investigation"
"43cbdee9-2d28-4b6d-9b6f-32c7ed180a46","***","2026-09-09T18:06:30.157Z","5792","Homicide/Death Investigation"
"8aff32d2-3d97-4de2-b998-13e8e48ac0c4","***","2026-09-09T19:31:33.536Z","1","Drugs/Narcotics"
"433bbbac-f882-4df8-89f4-318937c66a28","***","2026-09-09T19:43:39.618Z","1394","Drugs/Narcotics"
"418a98d6-4ab0-4fcf-9997-bb3ece663426","***","2026-09-09T19:43:53.759Z","1","Missing/Endangered Person/Runaway"
"bd538f2b-f25b-48b3-acdc-42513953a063","***","2026-09-09T20:19:33.497Z","1394","Drugs/Narcotics"
"07022587-05cd-4b88-bcd2-f4e33dcf43eb","***","2026-09-09T20:24:54.518Z","1434","Missing/Endangered Person/Runaway"
"12c08250-1b3c-4c67-843d-6c903bf21b5c","***","2026-09-09T21:00:10.571Z","1434","Missing/Endangered Person/Runaway"
"ad1fdb36-9bcb-4200-8b0d-9716a1ed7e1a","***","2026-09-09T23:38:44.180Z","1433","Assault/Battery Offenses"
"a90c021f-5088-4dea-9916-486a80af2a33","***","2026-09-09T23:39:57.039Z","1433","Obstructing the Police (Fleeing/Eluding)"
"7fc9110d-8f8a-47a6-b690-fd0c68f32cdc","***","2026-09-09T23:42:42.912Z","1433","Assault/Battery Offenses"